Project name:,UVEX Dichroic Coating,,,,,UVEX Dichroic Coating,,,,
Coating design:,135 180nm-FR30-S1 UVEX Dichroic Coating/FS substrate(10mm)/Air,,,,,135 180nm-FR30-S1 UVEX Dichroic Coating/FS substrate(10mm)/Air,,,,
AOI:,20° 25° 30° 35° 40°,,,,,20° 25° 30° 35° 40°,,,,
,,,,,,,,,,
wl(nm),%R,,,,,%T,,,,
,20°,25°,30°,35°,40°,20°,25°,30°,35°,40°
120,14.59,14.47,14.75,14.15,14.52,0.00,0.00,0.00,0.00,0.00
121,12.89,12.76,12.06,13.01,14.89,0.00,0.00,0.00,0.00,0.00
122,11.05,10.59,11.98,13.80,16.99,0.00,0.00,0.00,0.00,0.00
123,9.69,11.22,12.90,15.38,18.36,0.00,0.00,0.00,0.00,0.00
124,10.89,12.34,14.05,17.12,16.58,0.00,0.00,0.00,0.00,0.00
125,12.05,13.04,15.82,15.85,13.29,0.00,0.00,0.00,0.00,0.00
126,12.56,15.25,15.27,12.04,13.47,0.00,0.00,0.00,0.00,0.00
127,16.02,15.01,11.48,13.09,11.12,0.00,0.00,0.00,0.00,0.00
128,14.04,10.75,12.97,11.77,5.33,0.00,0.00,0.00,0.00,0.00
129,10.06,13.44,12.21,4.27,10.21,0.00,0.00,0.00,0.00,0.00
130,14.78,11.94,3.36,9.74,11.79,0.00,0.00,0.00,0.00,0.00
131,10.66,2.79,9.18,9.43,28.29,0.00,0.00,0.00,0.00,0.00
132,2.56,9.39,8.05,24.74,41.43,0.00,0.00,0.00,0.00,0.00
133,10.21,6.86,22.26,42.24,42.25,0.00,0.00,0.00,0.00,0.00
134,5.60,21.43,42.43,44.72,43.43,0.00,0.00,0.00,0.00,0.00
135,20.29,40.50,45.80,44.04,45.57,0.00,0.00,0.00,0.00,0.00
136,40.05,46.08,44.53,45.27,46.10,0.00,0.00,0.00,0.00,0.00
137,46.20,45.11,45.02,46.45,45.46,0.00,0.00,0.00,0.00,0.00
138,45.45,45.01,46.34,46.37,45.44,0.00,0.00,0.00,0.00,0.00
139,45.17,46.16,46.89,45.81,46.02,0.00,0.00,0.00,0.00,0.00
140,46.13,47.06,46.29,46.40,45.78,0.00,0.00,0.00,0.00,0.00
141,46.64,46.69,46.11,46.38,45.73,0.00,0.00,0.00,0.00,0.00
142,46.66,46.13,46.41,45.80,46.22,0.00,0.00,0.00,0.00,0.00
143,46.18,46.09,46.38,45.42,46.61,0.00,0.00,0.00,0.00,0.00
144,46.54,47.08,46.37,46.75,47.48,0.00,0.00,0.00,0.00,0.00
145,47.50,47.53,46.76,48.31,48.34,0.00,0.00,0.00,0.00,0.00
146,47.45,46.41,47.10,48.23,47.24,0.00,0.00,0.00,0.00,0.00
147,46.33,45.87,47.58,47.96,44.20,0.00,0.00,0.00,0.00,0.00
148,45.12,46.39,47.41,47.61,39.00,0.00,0.00,0.00,0.00,0.00
149,45.17,46.73,47.25,46.01,35.69,0.00,0.00,0.00,0.00,0.00
150,45.80,46.40,47.53,42.62,40.54,0.00,0.00,0.00,0.00,0.00
151,47.19,48.25,49.60,41.70,47.00,0.00,0.00,0.00,0.00,0.00
152,48.47,51.68,50.23,42.74,51.68,0.00,0.00,0.00,0.00,0.00
153,51.66,55.10,49.26,46.61,53.06,0.00,0.00,0.00,0.00,0.00
154,56.55,56.65,48.23,51.05,51.46,0.00,0.00,0.00,0.00,0.00
155,60.54,55.97,49.05,53.23,50.23,0.00,0.00,0.00,0.00,0.00
156,60.51,52.60,51.01,51.98,53.13,0.00,0.00,0.00,0.00,0.00
157,57.72,50.76,52.49,50.10,57.88,0.00,0.00,0.00,0.00,0.00
158,53.96,51.25,51.29,52.87,60.64,0.00,0.00,0.00,0.00,0.00
159,51.71,51.60,49.27,59.33,60.01,0.00,0.00,0.00,0.00,0.00
160,51.21,49.74,52.28,64.37,55.94,0.00,0.00,0.00,0.00,0.00
161,51.45,48.48,56.72,63.72,48.87,0.00,0.00,0.00,0.00,0.00
162,50.49,48.60,60.48,60.52,43.65,0.01,0.01,0.01,0.01,0.01
163,48.27,51.48,62.14,55.10,43.07,0.10,0.08,0.06,0.05,0.05
164,46.81,55.63,61.21,49.03,45.23,0.62,0.48,0.36,0.39,0.35
165,48.24,58.68,57.75,45.49,46.74,1.50,1.11,0.98,1.03,0.87
166,52.12,60.39,53.84,47.82,47.59,3.75,2.84,2.85,2.74,2.48
167,56.98,59.81,50.89,52.37,45.89,5.79,4.90,5.22,4.48,4.67
168,60.09,57.45,51.86,56.10,42.15,9.14,8.85,8.92,7.46,9.17
169,60.68,55.21,56.58,57.73,38.17,12.02,12.54,11.15,10.24,14.15
170,59.46,56.07,62.06,57.20,38.03,16.65,16.85,13.78,15.01,21.03
171,59.41,60.96,64.75,51.88,43.27,19.14,17.58,15.45,20.68,24.57
172,61.56,66.22,64.26,46.93,50.64,21.23,18.33,19.28,28.49,27.68
173,65.99,69.20,60.82,47.53,54.28,20.34,18.43,23.56,31.85,29.31
174,70.21,69.35,56.09,53.11,54.00,18.94,19.65,28.39,31.07,32.14
175,72.69,67.06,53.84,58.63,50.11,18.73,22.89,32.50,30.22,38.06
176,72.26,62.50,54.78,59.73,42.42,20.40,27.88,34.18,31.64,46.70
177,69.79,58.12,58.16,58.05,32.49,23.39,32.74,33.42,34.67,56.96
178,65.68,56.57,61.01,53.44,21.58,27.95,35.75,32.83,40.26,68.64
179,61.25,58.42,61.75,45.87,12.19,32.67,35.48,33.31,48.01,78.34
180,58.92,61.43,59.84,35.75,7.00,35.86,34.07,36.01,58.24,84.48
181,58.28,62.10,55.04,25.55,5.83,36.99,33.98,40.83,68.08,86.19
182,59.28,61.35,48.08,16.40,6.24,36.64,35.14,47.66,77.05,86.40
183,60.43,58.81,39.23,10.06,7.27,36.31,38.13,56.64,84.00,86.55
184,59.78,53.17,28.33,6.89,8.54,37.45,43.92,67.53,87.80,86.17
185,57.40,45.25,18.56,6.12,9.98,39.97,51.65,77.05,88.82,85.06
186,52.95,35.65,11.73,6.39,11.48,44.43,61.00,83.80,88.84,83.89
187,46.35,25.77,8.12,7.17,12.62,50.95,70.67,87.51,88.36,83.05
188,37.97,17.44,6.66,8.42,12.99,59.18,78.88,89.17,87.41,82.93
189,28.88,11.80,6.29,10.07,12.36,68.12,84.53,89.78,86.08,83.76
190,20.64,8.67,6.58,11.73,10.82,76.28,87.80,89.75,84.72,85.46
191,14.29,7.02,7.54,12.86,8.67,82.54,89.53,88.96,83.76,87.65
192,10.28,6.34,9.14,13.00,6.82,86.57,90.33,87.57,83.75,89.58
193,7.98,6.43,10.96,12.02,6.05,88.92,90.37,85.92,84.80,90.45
194,6.70,7.23,12.27,10.25,6.62,90.26,89.70,84.76,86.61,90.03
195,6.18,8.62,12.84,8.21,8.18,90.85,88.44,84.28,88.67,88.63
196,6.40,10.24,12.51,6.49,10.13,90.72,86.94,84.68,90.42,86.84
197,7.33,11.67,11.29,5.67,11.89,89.89,85.63,85.92,91.29,85.22
198,8.77,12.48,9.47,5.99,13.04,88.55,84.90,87.76,91.06,84.19
199,10.37,12.46,7.51,7.31,13.40,87.08,85.00,89.73,89.87,83.93
200,11.68,11.55,5.99,9.13,13.00,85.88,85.95,91.30,88.20,84.40
201,12.38,9.91,5.38,10.97,12.00,85.26,87.62,91.97,86.50,85.45
202,12.19,7.95,5.91,12.29,10.70,85.51,89.60,91.54,85.30,86.79
203,11.12,6.24,7.36,12.84,9.47,86.64,91.36,90.23,84.86,88.07
204,9.41,5.31,9.21,12.60,8.63,88.39,92.35,88.52,85.18,88.99
205,7.49,5.46,10.92,11.72,8.32,90.33,92.29,86.94,86.11,89.36
206,5.92,6.59,12.07,10.50,8.49,91.94,91.27,85.88,87.38,89.28
207,5.18,8.30,12.49,9.27,8.90,92.76,89.69,85.56,88.67,88.97
208,5.48,10.06,12.17,8.34,9.27,92.56,88.05,85.96,89.66,88.70
209,6.68,11.44,11.27,7.91,9.37,91.47,86.78,86.93,90.18,88.69
210,8.38,12.17,10.07,7.95,9.09,89.90,86.16,88.19,90.22,89.05
211,10.01,12.16,8.92,8.28,8.48,88.31,86.18,89.33,89.91,89.66
212,11.27,11.54,8.06,8.66,7.68,87.08,86.79,90.18,89.55,90.45
213,11.95,10.53,7.63,8.88,6.90,86.43,87.80,90.61,89.35,91.22
214,11.96,9.37,7.63,8.79,6.39,86.43,88.94,90.61,89.44,91.72
215,11.39,8.35,7.93,8.37,6.37,87.01,89.97,90.35,89.87,91.77
216,10.43,7.67,8.30,7.69,6.91,87.98,90.66,90.01,90.56,91.27
217,9.31,7.41,8.54,6.89,7.95,89.05,90.88,89.74,91.30,90.21
218,8.30,7.52,8.51,6.21,9.31,90.01,90.74,89.73,91.93,88.84
219,7.60,7.84,8.17,5.86,10.76,90.67,90.40,90.04,92.25,87.39
220,7.31,8.18,7.55,5.98,12.04,90.93,90.04,90.61,92.09,86.10
221,7.40,8.39,6.84,6.59,12.94,90.81,89.81,91.28,91.47,85.19
222,7.72,8.33,6.15,7.59,13.42,90.47,89.82,91.92,90.45,84.69
223,8.09,7.99,5.66,8.85,13.44,90.07,90.13,92.36,89.19,84.63
224,8.34,7.40,5.53,10.16,13.02,89.79,90.67,92.45,87.87,85.01
225,8.37,6.68,5.85,11.34,12.21,89.73,91.35,92.11,86.68,85.77
226,8.11,5.98,6.59,12.24,11.12,89.96,92.00,91.35,85.77,86.80
227,7.59,5.49,7.67,12.75,9.88,90.44,92.45,90.26,85.24,87.97
228,6.89,5.33,8.92,12.84,8.65,91.09,92.57,89.01,85.13,89.14
229,6.16,5.60,10.16,12.49,7.58,91.77,92.27,87.76,85.43,90.15
230,5.56,6.29,11.23,11.78,6.80,92.33,91.57,86.69,86.10,90.89
231,5.24,7.30,11.99,10.78,6.36,92.61,90.55,85.92,87.04,91.28
232,5.30,8.50,12.37,9.62,6.28,92.52,89.35,85.51,88.14,91.33
233,5.78,9.71,12.34,8.45,6.49,92.02,88.13,85.52,89.25,91.10
234,6.62,10.78,11.92,7.40,6.89,91.16,87.06,85.90,90.25,90.68
235,7.72,11.58,11.16,6.59,7.35,90.06,86.26,86.61,91.01,90.20
236,8.91,12.02,10.17,6.10,7.77,88.87,85.80,87.56,91.46,89.77
237,10.05,12.07,9.05,5.94,8.05,87.74,85.72,88.61,91.59,89.47
238,10.98,11.74,7.96,6.06,8.13,86.81,86.02,89.65,91.45,89.35
239,11.60,11.08,7.00,6.39,8.02,86.17,86.63,90.56,91.10,89.44
240,11.87,10.17,6.29,6.81,7.71,85.88,87.49,91.23,90.66,89.70
241,11.77,9.04,5.83,7.23,7.22,85.98,88.59,91.68,90.26,90.18
242,11.25,7.89,5.71,7.52,6.67,86.49,89.72,91.79,89.97,90.70
243,10.40,6.87,5.88,7.62,6.20,87.32,90.71,91.63,89.88,91.16
244,9.33,6.11,6.23,7.50,5.92,88.36,91.46,91.29,89.99,91.43
245,8.19,5.66,6.64,7.19,5.91,89.47,91.90,90.90,90.29,91.43
246,7.13,5.53,6.99,6.74,6.23,90.51,92.03,90.55,90.73,91.12
247,6.27,5.67,7.20,6.24,6.86,91.35,91.89,90.35,91.21,90.50
248,5.69,6.00,7.22,5.80,7.74,91.91,91.58,90.33,91.63,89.65
249,5.43,6.38,7.05,5.53,8.76,92.17,91.21,90.50,91.89,88.67
250,5.46,6.72,6.70,5.51,9.79,92.15,90.88,90.83,91.91,87.66
251,5.72,6.96,6.26,5.75,10.75,91.94,90.68,91.29,91.71,86.76
252,6.10,7.02,5.80,6.30,11.53,91.61,90.66,91.79,91.22,86.04
253,6.49,6.89,5.40,7.10,12.06,91.27,90.83,92.20,90.48,85.57
254,6.79,6.57,5.18,8.07,12.28,91.00,91.17,92.45,89.57,85.40
255,6.93,6.14,5.22,9.10,12.17,90.90,91.62,92.46,88.60,85.53
256,6.89,5.67,5.54,10.08,11.75,90.99,92.12,92.18,87.68,85.98
257,6.65,5.26,6.14,10.91,11.05,91.25,92.56,91.63,86.91,86.70
258,6.27,5.00,6.98,11.51,10.13,91.66,92.85,90.85,86.37,87.64
259,5.80,4.98,7.96,11.83,9.07,92.14,92.90,89.93,86.09,88.70
260,5.34,5.23,8.98,11.83,7.99,92.62,92.69,88.97,86.12,89.79
261,4.99,5.76,9.94,11.53,6.98,92.97,92.17,88.03,86.42,90.78
262,4.82,6.54,10.75,10.93,6.16,93.14,91.41,87.25,87.00,91.58
263,4.91,7.49,11.32,10.10,5.62,93.06,90.49,86.69,87.82,92.11
264,5.27,8.51,11.62,9.10,5.42,92.71,89.50,86.41,88.80,92.32
265,5.90,9.50,11.60,8.03,5.57,92.10,88.54,86.43,89.85,92.18
266,6.75,10.36,11.28,6.99,6.03,91.28,87.70,86.74,90.87,91.74
267,7.73,11.03,10.69,6.09,6.74,90.32,87.05,87.33,91.76,91.05
268,8.75,11.43,9.86,5.42,7.60,89.33,86.67,88.15,92.42,90.22
269,9.71,11.53,8.87,5.05,8.52,88.40,86.57,89.12,92.79,89.34
270,10.52,11.34,7.81,5.01,9.39,87.61,86.76,90.16,92.84,88.50
271,11.11,10.85,6.78,5.29,10.14,87.04,87.24,91.17,92.56,87.78
272,11.43,10.12,5.88,5.86,10.70,86.73,87.96,92.06,92.02,87.23
273,11.46,9.20,5.20,6.62,11.04,86.70,88.86,92.73,91.28,86.91
274,11.19,8.18,4.80,7.50,11.15,86.96,89.87,93.12,90.43,86.81
275,10.65,7.13,4.72,8.40,11.02,87.50,90.90,93.21,89.56,86.95
276,9.88,6.16,4.96,9.23,10.66,88.25,91.86,92.98,88.76,87.30
277,8.94,5.37,5.48,9.92,10.12,89.18,92.64,92.49,88.09,87.83
278,7.91,4.82,6.20,10.43,9.43,90.19,93.19,91.79,87.60,88.51
279,6.88,4.56,7.05,10.72,8.67,91.21,93.44,90.96,87.33,89.26
280,5.94,4.62,7.94,10.77,7.88,92.14,93.39,90.10,87.28,90.04
281,5.18,4.97,8.79,10.59,7.14,92.89,93.05,89.28,87.46,90.76
282,4.67,5.57,9.52,10.21,6.51,93.39,92.48,88.56,87.84,91.38
283,4.45,6.35,10.09,9.65,6.05,93.61,91.72,88.02,88.40,91.84
284,4.54,7.22,10.45,8.96,5.79,93.54,90.88,87.67,89.08,92.11
285,4.91,8.10,10.58,8.19,5.74,93.18,90.03,87.55,89.83,92.16
286,5.52,8.91,10.49,7.42,5.90,92.59,89.24,87.64,90.59,92.01
287,6.29,9.60,10.18,6.69,6.23,91.84,88.57,87.95,91.31,91.69
288,7.16,10.10,9.69,6.08,6.70,91.00,88.08,88.44,91.91,91.24
289,8.03,10.41,9.06,5.63,7.25,90.15,87.79,89.06,92.36,90.71
290,8.85,10.49,8.32,5.36,7.82,89.36,87.71,89.79,92.63,90.16
291,9.53,10.35,7.55,5.30,8.35,88.69,87.85,90.55,92.69,89.65
292,10.05,10.01,6.80,5.44,8.81,88.19,88.19,91.29,92.57,89.21
293,10.36,9.49,6.13,5.75,9.14,87.89,88.70,91.95,92.27,88.88
294,10.46,8.84,5.59,6.19,9.34,87.80,89.34,92.48,91.84,88.69
295,10.34,8.11,5.22,6.72,9.38,87.92,90.07,92.85,91.34,88.65
296,10.03,7.35,5.05,7.26,9.27,88.23,90.82,93.03,90.81,88.77
297,9.55,6.62,5.06,7.79,9.01,88.71,91.54,93.03,90.30,89.03
298,8.93,5.97,5.25,8.25,8.62,89.32,92.19,92.85,89.85,89.41
299,8.22,5.44,5.59,8.62,8.13,90.02,92.71,92.53,89.50,89.90
300,7.47,5.07,6.04,8.86,7.57,90.77,93.08,92.09,89.27,90.45
301,6.79,4.90,6.51,8.95,7.04,91.45,93.27,91.65,89.19,90.98
302,6.17,4.88,7.00,8.93,6.53,92.08,93.31,91.19,89.24,91.51
303,5.63,5.00,7.47,8.79,6.05,92.62,93.21,90.75,89.39,91.99
304,5.22,5.26,7.89,8.54,5.65,93.05,92.98,90.35,89.65,92.40
305,4.94,5.62,8.24,8.20,5.36,93.34,92.65,90.02,90.01,92.71
306,4.81,6.04,8.50,7.77,5.18,93.49,92.25,89.79,90.44,92.90
307,4.83,6.51,8.66,7.30,5.15,93.49,91.81,89.65,90.92,92.95
308,4.98,6.98,8.70,6.80,5.26,93.36,91.36,89.63,91.43,92.86
309,5.25,7.43,8.63,6.30,5.52,93.11,90.94,89.71,91.94,92.63
310,5.61,7.83,8.45,5.82,5.91,92.78,90.56,89.90,92.42,92.26
311,6.04,8.16,8.18,5.41,6.42,92.37,90.26,90.19,92.84,91.78
312,6.50,8.39,7.81,5.08,7.02,91.94,90.05,90.56,93.18,91.21
313,6.96,8.52,7.39,4.86,7.69,91.50,89.93,91.00,93.42,90.57
314,7.40,8.55,6.91,4.76,8.40,91.09,89.92,91.48,93.53,89.90
315,7.78,8.46,6.42,4.80,9.11,90.73,90.02,91.98,93.51,89.22
316,8.09,8.28,5.94,4.97,9.81,90.44,90.22,92.47,93.36,88.55
317,8.32,8.00,5.50,5.28,10.47,90.23,90.51,92.92,93.08,87.92
318,8.44,7.64,5.11,5.70,11.06,90.13,90.88,93.32,92.68,87.36
319,8.46,7.22,4.81,6.22,11.57,90.12,91.31,93.63,92.19,86.88
320,8.38,6.76,4.61,6.83,11.98,90.22,91.78,93.84,91.61,86.49
321,8.20,6.28,4.53,7.49,12.29,90.41,92.26,93.93,90.98,86.20
322,7.93,5.81,4.58,8.17,12.48,90.69,92.74,93.90,90.32,86.03
323,7.58,5.38,4.76,8.86,12.56,91.05,93.18,93.75,89.66,85.97
324,7.17,5.00,5.06,9.53,12.51,91.47,93.57,93.47,89.02,86.03
325,6.72,4.70,5.47,10.16,12.35,91.93,93.88,93.08,88.42,86.20
326,6.25,4.50,5.97,10.72,12.07,92.40,94.09,92.60,87.88,86.49
327,5.79,4.41,6.56,11.20,11.69,92.87,94.20,92.04,87.43,86.88
328,5.36,4.44,7.19,11.59,11.21,93.31,94.19,91.43,87.06,87.37
329,4.98,4.59,7.86,11.87,10.65,93.70,94.05,90.80,86.79,87.94
330,4.67,4.86,8.53,12.05,10.02,94.02,93.80,90.15,86.63,88.57
331,4.46,5.24,9.18,12.11,9.33,94.25,93.44,89.52,86.58,89.26
332,4.35,5.72,9.79,12.06,8.62,94.37,92.99,88.93,86.65,89.98
333,4.35,6.27,10.35,11.90,7.89,94.38,92.46,88.40,86.82,90.71
334,4.47,6.87,10.84,11.63,7.17,94.28,91.88,87.93,87.10,91.43
335,4.71,7.52,11.24,11.26,6.49,94.06,91.26,87.55,87.48,92.12
336,5.05,8.17,11.54,10.80,5.87,93.73,90.63,87.27,87.95,92.74
337,5.49,8.81,11.74,10.26,5.34,93.31,90.01,87.08,88.49,93.29
338,6.01,9.43,11.83,9.66,4.90,92.82,89.42,87.01,89.10,93.74
339,6.59,9.99,11.82,9.00,4.58,92.26,88.87,87.03,89.76,94.07
340,7.21,10.50,11.70,8.32,4.40,91.66,88.39,87.17,90.45,94.27
341,7.85,10.92,11.47,7.62,4.35,91.04,87.98,87.40,91.16,94.33
342,8.49,11.26,11.15,6.94,4.45,90.43,87.66,87.74,91.85,94.25
343,9.11,11.50,10.73,6.28,4.68,89.83,87.44,88.16,92.51,94.04
344,9.68,11.64,10.24,5.67,5.05,89.28,87.31,88.66,93.12,93.70
345,10.20,11.68,9.68,5.14,5.53,88.77,87.29,89.23,93.67,93.24
346,10.66,11.61,9.06,4.70,6.11,88.34,87.37,89.85,94.12,92.68
347,11.03,11.44,8.41,4.36,6.78,87.99,87.55,90.51,94.47,92.04
348,11.31,11.18,7.74,4.14,7.51,87.72,87.82,91.18,94.70,91.33
349,11.49,10.82,7.07,4.04,8.29,87.55,88.19,91.86,94.81,90.58
350,11.58,10.38,6.42,4.08,9.08,87.47,88.63,92.52,94.80,89.82
351,11.58,9.90,5.84,4.23,9.85,87.49,89.12,93.11,94.66,89.08
352,11.49,9.36,5.30,4.50,10.60,87.59,89.67,93.65,94.42,88.35
353,11.30,8.79,4.83,4.87,11.33,87.79,90.25,94.13,94.06,87.64
354,11.03,8.18,4.45,5.33,12.03,88.06,90.87,94.53,93.62,86.97
355,10.69,7.55,4.15,5.88,12.67,88.42,91.50,94.84,93.09,86.35
356,10.27,6.93,3.95,6.50,13.27,88.85,92.13,95.05,92.50,85.78
357,9.78,6.33,3.87,7.17,13.80,89.34,92.74,95.15,91.85,85.27
358,9.25,5.75,3.89,7.88,14.26,89.88,93.32,95.14,91.16,84.82
359,8.67,5.23,4.02,8.61,14.65,90.46,93.85,95.03,90.46,84.45
360,8.07,4.77,4.26,9.35,14.97,91.07,94.32,94.80,89.74,84.15
361,7.46,4.38,4.60,10.08,15.21,91.69,94.72,94.48,89.03,83.93
362,6.85,4.08,5.03,10.79,15.37,92.31,95.03,94.07,88.35,83.78
363,6.25,3.88,5.54,11.47,15.46,92.91,95.25,93.58,87.69,83.71
364,5.69,3.77,6.12,12.10,15.47,93.48,95.36,93.02,87.07,83.71
365,5.18,3.78,6.76,12.69,15.40,94.01,95.38,92.40,86.50,83.79
366,4.72,3.88,7.43,13.22,15.26,94.47,95.28,91.75,85.99,83.94
367,4.34,4.09,8.13,13.69,15.05,94.86,95.09,91.07,85.54,84.16
368,4.04,4.40,8.84,14.10,14.78,95.17,94.80,90.38,85.15,84.45
369,3.84,4.80,9.56,14.43,14.44,95.39,94.42,89.69,84.83,84.80
370,3.73,5.27,10.25,14.69,14.05,95.51,93.96,89.01,84.59,85.20
371,3.72,5.82,10.93,14.87,13.60,95.53,93.44,88.35,84.42,85.66
372,3.81,6.42,11.56,14.99,13.10,95.45,92.85,87.73,84.32,86.16
373,4.01,7.06,12.16,15.03,12.57,95.27,92.23,87.16,84.29,86.71
374,4.29,7.74,12.70,14.99,12.00,95.00,91.57,86.63,84.34,87.29
375,4.67,8.43,13.19,14.89,11.40,94.64,90.90,86.16,84.46,87.89
376,5.12,9.12,13.62,14.71,10.78,94.21,90.22,85.74,84.64,88.52
377,5.64,9.81,13.98,14.47,10.15,93.70,89.56,85.40,84.89,89.16
378,6.22,10.47,14.27,14.17,9.52,93.14,88.91,85.12,85.20,89.80
379,6.84,11.11,14.50,13.82,8.89,92.54,88.28,84.91,85.57,90.43
380,7.49,11.72,14.65,13.41,8.28,91.90,87.70,84.77,85.99,91.06
381,8.16,12.27,14.73,12.95,7.68,91.25,87.15,84.70,86.45,91.66
382,8.84,12.78,14.74,12.45,7.12,90.58,86.66,84.70,86.96,92.23
383,9.52,13.23,14.69,11.91,6.60,89.93,86.23,84.77,87.51,92.77
384,10.18,13.62,14.56,11.35,6.12,89.28,85.85,84.90,88.08,93.26
385,10.82,13.95,14.37,10.76,5.68,88.66,85.54,85.10,88.67,93.70
386,11.42,14.20,14.12,10.16,5.31,88.07,85.29,85.36,89.29,94.09
387,11.99,14.40,13.81,9.55,4.99,87.52,85.11,85.68,89.90,94.41
388,12.50,14.52,13.45,8.94,4.74,87.02,85.00,86.06,90.52,94.68
389,12.96,14.57,13.04,8.34,4.55,86.57,84.96,86.48,91.13,94.88
390,13.37,14.56,12.58,7.76,4.43,86.18,84.98,86.94,91.72,95.02
391,13.72,14.48,12.08,7.19,4.37,85.84,85.07,87.45,92.30,95.09
392,14.00,14.34,11.56,6.66,4.37,85.57,85.22,87.98,92.84,95.10
393,14.22,14.14,11.00,6.17,4.44,85.37,85.44,88.54,93.34,95.05
394,14.37,13.88,10.43,5.71,4.56,85.22,85.71,89.12,93.81,94.95
395,14.46,13.56,9.85,5.31,4.72,85.15,86.03,89.72,94.22,94.79
396,14.48,13.19,9.26,4.96,4.94,85.14,86.41,90.32,94.59,94.59
397,14.43,12.78,8.67,4.66,5.19,85.19,86.83,90.92,94.90,94.35
398,14.32,12.32,8.09,4.42,5.48,85.31,87.29,91.51,95.15,94.08
399,14.16,11.83,7.52,4.24,5.80,85.49,87.79,92.08,95.34,93.78
400,13.93,11.32,6.98,4.12,6.14,85.72,88.32,92.63,95.47,93.45
401,13.64,10.76,6.46,4.05,6.50,86.01,88.87,93.15,95.54,93.10
402,13.30,10.19,5.97,4.05,6.86,86.35,89.44,93.64,95.54,92.73
403,12.92,9.61,5.52,4.10,7.24,86.74,90.03,94.09,95.49,92.36
404,12.48,9.02,5.12,4.21,7.61,87.17,90.61,94.49,95.39,91.99
405,12.01,8.44,4.78,4.36,7.98,87.64,91.19,94.84,95.24,91.63
406,11.51,7.87,4.48,4.56,8.34,88.14,91.77,95.13,95.04,91.28
407,10.98,7.31,4.24,4.80,8.68,88.67,92.32,95.37,94.81,90.94
408,10.43,6.78,4.06,5.07,9.00,89.22,92.86,95.55,94.54,90.62
409,9.87,6.27,3.94,5.37,9.31,89.79,93.36,95.68,94.25,90.32
410,9.30,5.81,3.87,5.69,9.59,90.36,93.83,95.75,93.93,90.04
411,8.72,5.38,3.86,6.02,9.85,90.93,94.26,95.76,93.60,89.78
412,8.15,4.99,3.90,6.37,10.08,91.50,94.64,95.72,93.25,89.56
413,7.60,4.66,3.99,6.72,10.28,92.05,94.98,95.63,92.91,89.36
414,7.06,4.37,4.13,7.08,10.45,92.59,95.26,95.50,92.56,89.19
415,6.55,4.14,4.31,7.43,10.60,93.10,95.50,95.32,92.21,89.04
416,6.07,3.96,4.53,7.77,10.71,93.58,95.67,95.11,91.87,88.93
417,5.62,3.84,4.78,8.10,10.80,94.03,95.80,94.86,91.54,88.85
418,5.21,3.77,5.05,8.42,10.85,94.44,95.87,94.59,91.23,88.79
419,4.85,3.76,5.35,8.72,10.88,94.80,95.89,94.29,90.94,88.77
420,4.53,3.79,5.67,8.99,10.88,95.12,95.86,93.98,90.66,88.77
421,4.27,3.87,6.00,9.25,10.85,95.39,95.78,93.66,90.41,88.80
422,4.05,4.00,6.33,9.48,10.80,95.61,95.66,93.32,90.18,88.85
423,3.89,4.16,6.67,9.69,10.73,95.77,95.49,92.99,89.97,88.93
424,3.78,4.36,7.01,9.87,10.63,95.88,95.29,92.65,89.80,89.03
425,3.71,4.60,7.34,10.02,10.51,95.95,95.06,92.33,89.65,89.15
426,3.70,4.86,7.66,10.15,10.37,95.96,94.81,92.01,89.52,89.29
427,3.74,5.14,7.97,10.24,10.21,95.92,94.53,91.70,89.43,89.45
428,3.82,5.44,8.27,10.31,10.03,95.84,94.23,91.41,89.36,89.63
429,3.95,5.75,8.54,10.36,9.84,95.72,93.92,91.13,89.32,89.82
430,4.11,6.07,8.80,10.38,9.64,95.56,93.60,90.88,89.30,90.02
431,4.31,6.40,9.04,10.37,9.43,95.37,93.28,90.64,89.31,90.23
432,4.53,6.73,9.25,10.33,9.21,95.14,92.95,90.43,89.35,90.45
433,4.79,7.05,9.44,10.28,8.99,94.89,92.63,90.24,89.40,90.68
434,5.06,7.36,9.61,10.20,8.76,94.62,92.32,90.08,89.48,90.91
435,5.35,7.67,9.75,10.10,8.52,94.33,92.02,89.94,89.59,91.14
436,5.66,7.96,9.86,9.98,8.29,94.03,91.73,89.83,89.71,91.38
437,5.97,8.24,9.95,9.84,8.06,93.72,91.46,89.75,89.85,91.61
438,6.28,8.50,10.01,9.68,7.83,93.41,91.20,89.69,90.00,91.84
439,6.60,8.74,10.04,9.52,7.60,93.10,90.96,89.65,90.17,92.07
440,6.92,8.95,10.05,9.33,7.39,92.78,90.75,89.65,90.36,92.29
441,7.22,9.15,10.04,9.14,7.18,92.48,90.55,89.66,90.55,92.50
442,7.52,9.32,10.01,8.94,6.98,92.18,90.38,89.70,90.75,92.70
443,7.81,9.47,9.95,8.73,6.79,91.90,90.24,89.76,90.96,92.89
444,8.08,9.60,9.87,8.51,6.61,91.63,90.11,89.84,91.18,93.07
445,8.34,9.70,9.77,8.29,6.44,91.38,90.02,89.94,91.40,93.24
446,8.57,9.77,9.65,8.07,6.28,91.14,89.94,90.06,91.62,93.39
447,8.79,9.82,9.52,7.85,6.14,90.93,89.89,90.19,91.84,93.54
448,8.99,9.85,9.37,7.63,6.02,90.73,89.87,90.34,92.07,93.66
449,9.16,9.85,9.21,7.41,5.91,90.56,89.87,90.50,92.28,93.78
450,9.31,9.83,9.03,7.20,5.81,90.41,89.89,90.68,92.50,93.88
451,9.44,9.79,8.84,6.99,5.72,90.29,89.93,90.87,92.71,93.96
452,9.54,9.72,8.65,6.79,5.66,90.19,90.00,91.07,92.91,94.03
453,9.62,9.64,8.44,6.60,5.60,90.11,90.09,91.27,93.10,94.09
454,9.67,9.54,8.23,6.42,5.56,90.06,90.19,91.48,93.29,94.13
455,9.70,9.41,8.02,6.24,5.54,90.03,90.31,91.69,93.46,94.16
456,9.71,9.28,7.81,6.08,5.52,90.02,90.45,91.91,93.62,94.17
457,9.70,9.13,7.59,5.94,5.52,90.04,90.60,92.12,93.77,94.18
458,9.66,8.97,7.38,5.80,5.53,90.07,90.76,92.33,93.90,94.17
459,9.61,8.79,7.17,5.68,5.55,90.13,90.94,92.54,94.03,94.15
460,9.53,8.61,6.97,5.57,5.58,90.21,91.12,92.75,94.14,94.12
461,9.44,8.42,6.77,5.48,5.61,90.30,91.31,92.95,94.23,94.09
462,9.33,8.23,6.58,5.39,5.66,90.41,91.51,93.14,94.32,94.04
463,9.20,8.03,6.40,5.33,5.71,90.54,91.71,93.33,94.39,93.99
464,9.07,7.82,6.22,5.27,5.77,90.68,91.91,93.50,94.44,93.94
465,8.91,7.62,6.06,5.23,5.83,90.83,92.12,93.67,94.49,93.88
466,8.75,7.42,5.90,5.20,5.90,90.99,92.32,93.82,94.52,93.81
467,8.58,7.21,5.76,5.18,5.97,91.16,92.52,93.96,94.54,93.74
468,8.40,7.01,5.63,5.17,6.04,91.35,92.72,94.10,94.55,93.67
469,8.21,6.82,5.51,5.17,6.11,91.53,92.92,94.22,94.55,93.60
470,8.02,6.63,5.40,5.18,6.19,91.72,93.11,94.32,94.54,93.53
471,7.83,6.45,5.31,5.20,6.27,91.92,93.29,94.42,94.52,93.45
472,7.63,6.27,5.23,5.23,6.34,92.12,93.47,94.50,94.49,93.38
473,7.44,6.11,5.16,5.27,6.42,92.31,93.64,94.58,94.46,93.30
474,7.24,5.95,5.10,5.31,6.49,92.51,93.79,94.64,94.42,93.23
475,7.05,5.80,5.05,5.36,6.56,92.70,93.94,94.68,94.37,93.16
476,6.86,5.66,5.02,5.41,6.63,92.90,94.08,94.72,94.32,93.09
477,6.67,5.54,4.99,5.47,6.70,93.08,94.21,94.75,94.26,93.03
478,6.49,5.42,4.98,5.53,6.77,93.26,94.33,94.76,94.20,92.96
479,6.32,5.32,4.97,5.60,6.83,93.44,94.43,94.77,94.14,92.90
480,6.15,5.22,4.98,5.66,6.89,93.60,94.53,94.76,94.07,92.84
481,5.99,5.14,4.99,5.73,6.95,93.76,94.61,94.75,94.01,92.79
482,5.84,5.07,5.01,5.80,7.00,93.91,94.68,94.73,93.94,92.73
483,5.70,5.01,5.04,5.87,7.05,94.05,94.74,94.70,93.87,92.69
484,5.57,4.97,5.08,5.94,7.10,94.18,94.79,94.67,93.80,92.64
485,5.45,4.93,5.12,6.01,7.14,94.31,94.83,94.63,93.74,92.60
486,5.35,4.90,5.17,6.08,7.18,94.42,94.86,94.59,93.67,92.56
487,5.25,4.88,5.22,6.15,7.22,94.51,94.87,94.54,93.60,92.52
488,5.16,4.88,5.27,6.21,7.25,94.60,94.88,94.48,93.54,92.49
489,5.08,4.88,5.33,6.27,7.28,94.68,94.88,94.43,93.48,92.46
490,5.02,4.88,5.39,6.33,7.31,94.75,94.88,94.37,93.42,92.44
491,4.96,4.90,5.45,6.39,7.34,94.81,94.86,94.31,93.36,92.41
492,4.92,4.92,5.51,6.45,7.36,94.85,94.84,94.25,93.31,92.39
493,4.88,4.95,5.58,6.50,7.38,94.89,94.81,94.18,93.26,92.37
494,4.85,4.99,5.64,6.55,7.40,94.92,94.78,94.12,93.21,92.36
495,4.84,5.03,5.71,6.60,7.41,94.93,94.74,94.06,93.16,92.34
496,4.83,5.07,5.77,6.64,7.43,94.94,94.69,94.00,93.12,92.33
497,4.83,5.12,5.83,6.68,7.44,94.94,94.65,93.93,93.08,92.32
498,4.84,5.18,5.89,6.72,7.45,94.94,94.60,93.87,93.04,92.31
499,4.85,5.23,5.95,6.76,7.46,94.92,94.54,93.82,93.01,92.30
500,4.87,5.29,6.01,6.79,7.46,94.90,94.49,93.76,92.98,92.30
501,4.90,5.34,6.07,6.82,7.47,94.88,94.43,93.70,92.95,92.29
502,4.93,5.40,6.12,6.85,7.48,94.85,94.38,93.65,92.92,92.29
503,4.97,5.46,6.18,6.88,7.48,94.82,94.32,93.60,92.89,92.28
504,5.01,5.52,6.23,6.90,7.49,94.78,94.26,93.55,92.87,92.28
505,5.05,5.58,6.28,6.92,7.49,94.73,94.20,93.50,92.85,92.28
506,5.10,5.64,6.32,6.94,7.49,94.69,94.14,93.46,92.83,92.27
507,5.15,5.70,6.37,6.96,7.50,94.64,94.08,93.41,92.81,92.27
508,5.20,5.76,6.41,6.98,7.50,94.59,94.03,93.37,92.80,92.27
509,5.25,5.82,6.45,6.99,7.50,94.54,93.97,93.34,92.78,92.27
510,5.31,5.87,6.48,7.01,7.50,94.48,93.92,93.30,92.77,92.27
511,5.37,5.93,6.52,7.02,7.50,94.43,93.86,93.27,92.76,92.27
512,5.42,5.98,6.55,7.03,7.50,94.37,93.81,93.24,92.75,92.27
513,5.48,6.03,6.58,7.04,7.50,94.31,93.76,93.21,92.75,92.27
514,5.54,6.08,6.61,7.04,7.50,94.26,93.71,93.18,92.74,92.27
515,5.60,6.13,6.63,7.05,7.50,94.20,93.67,93.16,92.73,92.27
516,5.65,6.17,6.66,7.06,7.51,94.14,93.62,93.14,92.73,92.28
517,5.71,6.22,6.68,7.06,7.51,94.09,93.58,93.12,92.73,92.28
518,5.77,6.26,6.70,7.06,7.51,94.03,93.54,93.10,92.72,92.28
519,5.82,6.30,6.71,7.07,7.51,93.98,93.50,93.08,92.72,92.28
520,5.87,6.33,6.73,7.07,7.51,93.93,93.47,93.07,92.72,92.28
521,5.92,6.37,6.74,7.07,7.51,93.88,93.44,93.05,92.72,92.28
522,5.97,6.40,6.76,7.08,7.51,93.83,93.40,93.04,92.72,92.28
523,6.02,6.43,6.77,7.08,7.51,93.78,93.38,93.03,92.72,92.28
524,6.07,6.45,6.78,7.08,7.51,93.74,93.35,93.02,92.72,92.28
525,6.11,6.48,6.78,7.08,7.51,93.70,93.33,93.02,92.72,92.29
526,6.15,6.50,6.79,7.08,7.51,93.66,93.30,93.01,92.72,92.29
527,6.19,6.52,6.80,7.08,7.50,93.62,93.28,93.00,92.72,92.29
528,6.23,6.54,6.80,7.08,7.50,93.58,93.26,93.00,92.72,92.29
529,6.26,6.56,6.81,7.09,7.50,93.55,93.25,93.00,92.72,92.29
530,6.30,6.58,6.81,7.09,7.50,93.52,93.23,92.99,92.72,92.30
531,6.33,6.59,6.82,7.09,7.50,93.49,93.22,92.99,92.72,92.30
532,6.35,6.60,6.82,7.09,7.50,93.46,93.21,92.99,92.72,92.30
533,6.38,6.62,6.82,7.09,7.49,93.44,93.20,92.99,92.72,92.31
534,6.41,6.63,6.83,7.09,7.49,93.41,93.19,92.98,92.72,92.31
535,6.43,6.64,6.83,7.09,7.48,93.39,93.18,92.98,92.72,92.32
536,6.45,6.64,6.83,7.09,7.48,93.37,93.17,92.98,92.72,92.32
537,6.47,6.65,6.83,7.09,7.47,93.35,93.17,92.98,92.72,92.33
538,6.48,6.66,6.83,7.09,7.47,93.34,93.16,92.98,92.72,92.34
539,6.50,6.66,6.84,7.09,7.46,93.32,93.16,92.98,92.72,92.35
540,6.51,6.67,6.84,7.09,7.45,93.31,93.15,92.98,92.72,92.36
541,6.53,6.67,6.84,7.09,7.44,93.30,93.15,92.98,92.72,92.37
542,6.54,6.68,6.84,7.09,7.43,93.29,93.15,92.98,92.72,92.38
543,6.55,6.68,6.84,7.09,7.42,93.28,93.14,92.98,92.72,92.39
544,6.56,6.68,6.84,7.09,7.41,93.27,93.14,92.98,92.72,92.40
545,6.57,6.69,6.85,7.09,7.40,93.26,93.14,92.98,92.73,92.42
546,6.57,6.69,6.85,7.09,7.38,93.26,93.14,92.97,92.73,92.43
547,6.58,6.69,6.85,7.09,7.37,93.25,93.14,92.97,92.73,92.45
548,6.59,6.69,6.85,7.09,7.35,93.25,93.13,92.97,92.74,92.47
549,6.59,6.70,6.85,7.08,7.33,93.24,93.13,92.97,92.74,92.48
550,6.60,6.70,6.85,7.08,7.32,93.24,93.13,92.97,92.75,92.50
551,6.60,6.70,6.86,7.07,7.30,93.23,93.13,92.97,92.75,92.52
552,6.60,6.70,6.86,7.07,7.28,93.23,93.13,92.97,92.76,92.54
553,6.61,6.71,6.86,7.06,7.25,93.23,93.13,92.97,92.76,92.57
554,6.61,6.71,6.86,7.05,7.23,93.22,93.13,92.97,92.77,92.59
555,6.61,6.71,6.86,7.05,7.21,93.22,93.12,92.97,92.78,92.61
556,6.62,6.71,6.86,7.04,7.18,93.22,93.12,92.97,92.79,92.64
557,6.62,6.71,6.86,7.03,7.16,93.22,93.12,92.97,92.80,92.66
558,6.62,6.72,6.86,7.02,7.13,93.22,93.12,92.97,92.81,92.69
559,6.62,6.72,6.86,7.00,7.11,93.21,93.12,92.97,92.82,92.72
560,6.63,6.72,6.86,6.99,7.08,93.21,93.12,92.98,92.84,92.74
561,6.63,6.72,6.85,6.98,7.05,93.21,93.11,92.98,92.85,92.77
562,6.63,6.72,6.85,6.96,7.02,93.21,93.11,92.98,92.86,92.80
563,6.63,6.73,6.85,6.95,6.99,93.20,93.11,92.99,92.88,92.83
564,6.64,6.73,6.84,6.93,6.96,93.20,93.11,92.99,92.90,92.86
565,6.64,6.73,6.84,6.91,6.93,93.20,93.11,93.00,92.92,92.90
566,6.64,6.73,6.83,6.89,6.90,93.20,93.11,93.00,92.93,92.93
567,6.64,6.73,6.83,6.88,6.86,93.20,93.11,93.01,92.96,92.96
568,6.65,6.73,6.82,6.85,6.83,93.19,93.11,93.02,92.98,92.99
569,6.65,6.73,6.81,6.83,6.80,93.19,93.11,93.02,93.00,93.03
570,6.65,6.73,6.80,6.81,6.77,93.19,93.11,93.03,93.02,93.06
571,6.65,6.73,6.79,6.79,6.73,93.19,93.11,93.04,93.05,93.09
572,6.66,6.73,6.78,6.76,6.70,93.19,93.11,93.06,93.07,93.13
573,6.66,6.73,6.77,6.74,6.67,93.18,93.11,93.07,93.10,93.16
574,6.66,6.72,6.76,6.71,6.63,93.18,93.12,93.08,93.12,93.19
575,6.66,6.72,6.74,6.68,6.60,93.18,93.12,93.09,93.15,93.23
576,6.66,6.72,6.73,6.66,6.57,93.18,93.13,93.11,93.18,93.26
577,6.66,6.71,6.71,6.63,6.53,93.18,93.13,93.13,93.21,93.29
578,6.67,6.71,6.70,6.60,6.50,93.18,93.14,93.14,93.24,93.33
579,6.67,6.70,6.68,6.57,6.47,93.18,93.14,93.16,93.27,93.36
580,6.67,6.69,6.66,6.54,6.44,93.18,93.15,93.18,93.30,93.39
581,6.66,6.68,6.64,6.51,6.41,93.18,93.16,93.20,93.33,93.42
582,6.66,6.68,6.62,6.48,6.38,93.18,93.17,93.22,93.36,93.45
583,6.66,6.67,6.60,6.45,6.35,93.19,93.18,93.24,93.39,93.48
584,6.66,6.66,6.58,6.41,6.32,93.19,93.19,93.26,93.42,93.51
585,6.66,6.64,6.55,6.38,6.29,93.19,93.20,93.29,93.45,93.54
586,6.65,6.63,6.53,6.35,6.27,93.20,93.21,93.31,93.49,93.57
587,6.65,6.62,6.50,6.32,6.24,93.20,93.23,93.34,93.52,93.59
588,6.64,6.60,6.48,6.29,6.21,93.21,93.24,93.36,93.55,93.62
589,6.64,6.59,6.45,6.25,6.19,93.21,93.26,93.39,93.58,93.64
590,6.63,6.57,6.43,6.22,6.17,93.22,93.27,93.42,93.62,93.67
591,6.62,6.56,6.40,6.19,6.15,93.23,93.29,93.45,93.65,93.69
592,6.61,6.54,6.37,6.16,6.12,93.24,93.31,93.47,93.68,93.71
593,6.61,6.52,6.34,6.13,6.11,93.25,93.33,93.50,93.71,93.73
594,6.59,6.50,6.31,6.10,6.09,93.26,93.35,93.53,93.74,93.75
595,6.58,6.48,6.28,6.07,6.07,93.27,93.37,93.56,93.77,93.76
596,6.57,6.46,6.25,6.04,6.06,93.28,93.39,93.59,93.80,93.78
597,6.56,6.43,6.22,6.01,6.04,93.29,93.42,93.62,93.83,93.79
598,6.54,6.41,6.19,5.98,6.03,93.31,93.44,93.66,93.86,93.81
599,6.53,6.39,6.16,5.95,6.02,93.32,93.46,93.69,93.89,93.82
600,6.51,6.36,6.13,5.92,6.01,93.34,93.49,93.72,93.92,93.83
601,6.50,6.34,6.10,5.89,6.00,93.36,93.52,93.75,93.95,93.84
602,6.48,6.31,6.06,5.87,5.99,93.37,93.54,93.78,93.97,93.84
603,6.46,6.28,6.03,5.84,5.99,93.39,93.57,93.81,94.00,93.85
604,6.44,6.25,6.00,5.82,5.98,93.41,93.60,93.85,94.02,93.85
605,6.42,6.23,5.97,5.80,5.98,93.43,93.63,93.88,94.05,93.86
606,6.40,6.20,5.94,5.78,5.98,93.45,93.65,93.91,94.07,93.86
607,6.38,6.17,5.91,5.75,5.98,93.48,93.68,93.94,94.09,93.86
608,6.36,6.14,5.88,5.73,5.99,93.50,93.71,93.97,94.11,93.85
609,6.33,6.11,5.85,5.72,5.99,93.52,93.74,94.00,94.13,93.85
610,6.31,6.08,5.82,5.70,5.99,93.55,93.77,94.03,94.15,93.85
611,6.28,6.05,5.79,5.68,6.00,93.57,93.81,94.06,94.16,93.84
612,6.26,6.02,5.76,5.67,6.01,93.60,93.84,94.09,94.18,93.83
613,6.23,5.99,5.73,5.65,6.02,93.63,93.87,94.12,94.19,93.82
614,6.20,5.96,5.71,5.64,6.03,93.65,93.90,94.14,94.20,93.81
615,6.18,5.93,5.68,5.63,6.04,93.68,93.93,94.17,94.22,93.80
616,6.15,5.89,5.66,5.62,6.06,93.71,93.96,94.20,94.22,93.79
617,6.12,5.86,5.63,5.61,6.07,93.74,93.99,94.22,94.23,93.77
618,6.09,5.83,5.61,5.61,6.09,93.77,94.02,94.24,94.24,93.76
619,6.06,5.80,5.58,5.60,6.10,93.80,94.05,94.27,94.25,93.74
620,6.03,5.77,5.56,5.60,6.12,93.83,94.08,94.29,94.25,93.72
621,6.00,5.74,5.54,5.60,6.14,93.86,94.11,94.31,94.25,93.70
622,5.97,5.72,5.52,5.60,6.16,93.89,94.14,94.33,94.25,93.68
623,5.94,5.69,5.50,5.60,6.18,93.92,94.17,94.35,94.25,93.66
624,5.91,5.66,5.49,5.60,6.21,93.95,94.20,94.37,94.25,93.64
625,5.88,5.63,5.47,5.60,6.23,93.98,94.23,94.38,94.25,93.62
626,5.85,5.60,5.45,5.61,6.26,94.01,94.25,94.40,94.25,93.59
627,5.82,5.58,5.44,5.61,6.28,94.04,94.28,94.41,94.24,93.57
628,5.79,5.55,5.43,5.62,6.31,94.07,94.31,94.43,94.23,93.54
629,5.76,5.53,5.42,5.63,6.34,94.10,94.33,94.44,94.23,93.51
630,5.73,5.50,5.41,5.64,6.36,94.13,94.36,94.45,94.22,93.49
631,5.70,5.48,5.40,5.65,6.39,94.16,94.38,94.46,94.20,93.46
632,5.67,5.46,5.39,5.66,6.42,94.19,94.40,94.47,94.19,93.43
633,5.64,5.44,5.38,5.67,6.45,94.22,94.42,94.47,94.18,93.40
634,5.62,5.42,5.38,5.69,6.48,94.25,94.44,94.48,94.16,93.37
635,5.59,5.40,5.38,5.70,6.51,94.28,94.46,94.48,94.15,93.34
636,5.56,5.38,5.37,5.72,6.54,94.30,94.48,94.48,94.13,93.31
637,5.53,5.36,5.37,5.74,6.58,94.33,94.50,94.49,94.11,93.28
638,5.51,5.35,5.37,5.76,6.61,94.35,94.51,94.48,94.10,93.25
639,5.48,5.33,5.38,5.78,6.64,94.38,94.53,94.48,94.08,93.21
640,5.46,5.32,5.38,5.80,6.67,94.40,94.54,94.48,94.05,93.18
641,5.44,5.31,5.38,5.82,6.70,94.43,94.56,94.48,94.03,93.15
642,5.41,5.29,5.39,5.85,6.74,94.45,94.57,94.47,94.01,93.12
643,5.39,5.28,5.40,5.87,6.77,94.47,94.58,94.46,93.99,93.08
644,5.37,5.28,5.40,5.90,6.80,94.49,94.59,94.46,93.96,93.05
645,5.35,5.27,5.41,5.92,6.83,94.51,94.59,94.45,93.94,93.02
646,5.33,5.26,5.42,5.95,6.87,94.53,94.60,94.44,93.91,92.99
647,5.32,5.26,5.44,5.97,6.90,94.55,94.61,94.43,93.88,92.96
648,5.30,5.25,5.45,6.00,6.93,94.57,94.61,94.41,93.86,92.92
649,5.28,5.25,5.46,6.03,6.96,94.58,94.61,94.40,93.83,92.89
650,5.27,5.25,5.48,6.06,7.00,94.60,94.61,94.38,93.80,92.86
651,5.26,5.25,5.49,6.09,7.03,94.61,94.61,94.37,93.77,92.83
652,5.24,5.25,5.51,6.12,7.06,94.62,94.61,94.35,93.74,92.80
653,5.23,5.25,5.53,6.15,7.09,94.64,94.61,94.33,93.71,92.77
654,5.22,5.26,5.55,6.18,7.12,94.65,94.61,94.31,93.68,92.74
655,5.21,5.26,5.57,6.21,7.15,94.66,94.60,94.29,93.65,92.71
656,5.21,5.27,5.59,6.24,7.18,94.66,94.60,94.27,93.62,92.68
657,5.20,5.28,5.61,6.27,7.21,94.67,94.59,94.25,93.59,92.65
658,5.19,5.29,5.64,6.30,7.24,94.67,94.58,94.23,93.56,92.62
659,5.19,5.30,5.66,6.33,7.27,94.68,94.57,94.21,93.53,92.59
660,5.19,5.31,5.68,6.36,7.29,94.68,94.56,94.18,93.50,92.57
661,5.19,5.32,5.71,6.40,7.32,94.68,94.55,94.16,93.47,92.54
662,5.19,5.33,5.74,6.43,7.35,94.68,94.53,94.13,93.44,92.51
663,5.19,5.35,5.76,6.46,7.37,94.68,94.52,94.11,93.41,92.49
664,5.19,5.36,5.79,6.49,7.40,94.68,94.51,94.08,93.38,92.47
665,5.19,5.38,5.82,6.52,7.42,94.68,94.49,94.05,93.34,92.44
666,5.20,5.40,5.84,6.55,7.44,94.67,94.47,94.02,93.31,92.42
667,5.21,5.42,5.87,6.58,7.47,94.67,94.45,94.00,93.28,92.40
668,5.21,5.44,5.90,6.61,7.49,94.66,94.44,93.97,93.25,92.37
669,5.22,5.46,5.93,6.64,7.51,94.65,94.42,93.94,93.22,92.35
670,5.23,5.48,5.96,6.67,7.53,94.64,94.39,93.91,93.19,92.33
671,5.24,5.50,5.99,6.70,7.55,94.63,94.37,93.88,93.16,92.31
672,5.25,5.52,6.02,6.73,7.57,94.62,94.35,93.85,93.14,92.30
673,5.27,5.54,6.05,6.76,7.59,94.61,94.33,93.82,93.11,92.28
674,5.28,5.57,6.08,6.79,7.60,94.60,94.30,93.79,93.08,92.26
675,5.29,5.59,6.11,6.82,7.62,94.58,94.28,93.76,93.05,92.25
676,5.31,5.62,6.14,6.84,7.64,94.57,94.25,93.73,93.02,92.23
677,5.33,5.64,6.17,6.87,7.65,94.55,94.23,93.70,93.00,92.22
678,5.34,5.67,6.20,6.90,7.66,94.53,94.20,93.67,92.97,92.20
679,5.36,5.70,6.23,6.92,7.68,94.51,94.18,93.64,92.95,92.19
680,5.38,5.73,6.26,6.95,7.69,94.49,94.15,93.61,92.92,92.18
681,5.40,5.75,6.29,6.97,7.70,94.47,94.12,93.58,92.90,92.17
682,5.42,5.78,6.32,7.00,7.71,94.45,94.09,93.55,92.87,92.16
683,5.45,5.81,6.35,7.02,7.72,94.43,94.07,93.52,92.85,92.15
684,5.47,5.84,6.38,7.04,7.73,94.41,94.04,93.49,92.83,92.14
685,5.49,5.87,6.41,7.06,7.74,94.39,94.01,93.46,92.81,92.13
686,5.51,5.90,6.44,7.08,7.74,94.36,93.98,93.43,92.79,92.13
687,5.54,5.93,6.47,7.10,7.75,94.34,93.95,93.41,92.77,92.12
688,5.56,5.96,6.50,7.12,7.75,94.31,93.92,93.38,92.75,92.12
689,5.59,5.99,6.53,7.14,7.76,94.29,93.89,93.35,92.73,92.11
690,5.62,6.02,6.55,7.16,7.76,94.26,93.86,93.32,92.71,92.11
691,5.64,6.05,6.58,7.18,7.77,94.24,93.83,93.30,92.70,92.11
692,5.67,6.07,6.61,7.20,7.77,94.21,93.80,93.27,92.68,92.10
693,5.70,6.10,6.63,7.21,7.77,94.18,93.77,93.24,92.66,92.10
694,5.72,6.13,6.66,7.23,7.77,94.16,93.75,93.22,92.65,92.10
695,5.75,6.16,6.68,7.24,7.77,94.13,93.72,93.19,92.64,92.10
696,5.78,6.19,6.71,7.25,7.77,94.10,93.69,93.17,92.62,92.11
697,5.81,6.22,6.73,7.27,7.76,94.07,93.66,93.15,92.61,92.11
698,5.84,6.25,6.76,7.28,7.76,94.04,93.63,93.12,92.60,92.11
699,5.87,6.28,6.78,7.29,7.76,94.01,93.60,93.10,92.59,92.11
700,5.90,6.31,6.80,7.30,7.75,93.99,93.57,93.08,92.58,92.12
701,5.93,6.34,6.82,7.31,7.75,93.96,93.55,93.06,92.57,92.12
702,5.95,6.36,6.84,7.32,7.74,93.93,93.52,93.04,92.56,92.13
703,5.98,6.39,6.86,7.32,7.74,93.90,93.49,93.02,92.55,92.14
704,6.01,6.42,6.88,7.33,7.73,93.87,93.46,93.00,92.55,92.14
705,6.04,6.45,6.90,7.34,7.72,93.84,93.44,92.98,92.54,92.15
706,6.07,6.47,6.92,7.34,7.72,93.81,93.41,92.96,92.54,92.16
707,6.10,6.50,6.93,7.35,7.71,93.78,93.39,92.95,92.53,92.17
708,6.13,6.52,6.95,7.35,7.70,93.76,93.36,92.93,92.53,92.18
709,6.16,6.55,6.97,7.35,7.69,93.73,93.34,92.91,92.53,92.19
710,6.19,6.57,6.98,7.36,7.68,93.70,93.31,92.90,92.52,92.20
711,6.22,6.59,7.00,7.36,7.67,93.67,93.29,92.89,92.52,92.21
712,6.24,6.62,7.01,7.36,7.66,93.64,93.27,92.87,92.52,92.22
713,6.27,6.64,7.02,7.36,7.64,93.62,93.25,92.86,92.52,92.23
714,6.30,6.66,7.03,7.36,7.63,93.59,93.22,92.85,92.52,92.25
715,6.32,6.68,7.04,7.35,7.62,93.56,93.20,92.84,92.53,92.26
716,6.35,6.70,7.05,7.35,7.61,93.54,93.18,92.83,92.53,92.27
717,6.38,6.72,7.06,7.35,7.59,93.51,93.16,92.82,92.53,92.29
718,6.40,6.74,7.07,7.35,7.58,93.48,93.14,92.81,92.54,92.30
719,6.43,6.76,7.08,7.34,7.56,93.46,93.13,92.80,92.54,92.31
720,6.45,6.78,7.09,7.34,7.55,93.44,93.11,92.80,92.54,92.33
721,6.48,6.80,7.09,7.33,7.53,93.41,93.09,92.79,92.55,92.35
722,6.50,6.81,7.10,7.33,7.52,93.39,93.08,92.78,92.56,92.36
723,6.52,6.83,7.11,7.32,7.50,93.37,93.06,92.78,92.56,92.38
724,6.55,6.84,7.11,7.31,7.49,93.34,93.05,92.78,92.57,92.39
725,6.57,6.86,7.11,7.30,7.47,93.32,93.03,92.77,92.58,92.41
726,6.59,6.87,7.12,7.30,7.45,93.30,93.02,92.77,92.59,92.43
727,6.61,6.88,7.12,7.29,7.44,93.28,93.01,92.77,92.60,92.44
728,6.63,6.89,7.12,7.28,7.42,93.26,92.99,92.77,92.61,92.46
729,6.65,6.91,7.12,7.27,7.40,93.24,92.98,92.77,92.62,92.48
730,6.67,6.92,7.12,7.26,7.39,93.22,92.97,92.77,92.63,92.50
731,6.69,6.93,7.12,7.25,7.37,93.20,92.96,92.77,92.64,92.51
732,6.71,6.94,7.12,7.23,7.35,93.19,92.95,92.77,92.65,92.53
733,6.72,6.94,7.11,7.22,7.33,93.17,92.95,92.77,92.66,92.55
734,6.74,6.95,7.11,7.21,7.31,93.15,92.94,92.78,92.68,92.57
735,6.75,6.96,7.11,7.20,7.30,93.14,92.93,92.78,92.69,92.59
736,6.77,6.96,7.10,7.18,7.28,93.12,92.93,92.78,92.70,92.60
737,6.78,6.97,7.10,7.17,7.26,93.11,92.92,92.79,92.72,92.62
738,6.80,6.97,7.09,7.16,7.24,93.10,92.92,92.79,92.73,92.64
739,6.81,6.98,7.09,7.14,7.22,93.08,92.91,92.80,92.74,92.66
740,6.82,6.98,7.08,7.13,7.21,93.07,92.91,92.81,92.76,92.68
741,6.83,6.98,7.08,7.11,7.19,93.06,92.91,92.81,92.77,92.70
742,6.84,6.99,7.07,7.10,7.17,93.05,92.91,92.82,92.79,92.71
743,6.85,6.99,7.06,7.08,7.15,93.04,92.91,92.83,92.80,92.73
744,6.86,6.99,7.05,7.07,7.13,93.03,92.91,92.84,92.82,92.75
745,6.87,6.99,7.04,7.05,7.12,93.02,92.91,92.85,92.84,92.77
746,6.88,6.99,7.03,7.03,7.10,93.02,92.91,92.86,92.85,92.79
747,6.89,6.99,7.02,7.02,7.08,93.01,92.91,92.87,92.87,92.80
748,6.89,6.98,7.01,7.00,7.06,93.00,92.91,92.88,92.89,92.82
749,6.90,6.98,7.00,6.99,7.04,93.00,92.91,92.89,92.90,92.84
750,6.90,6.98,6.99,6.97,7.03,92.99,92.92,92.90,92.92,92.86
751,6.91,6.97,6.98,6.95,7.01,92.99,92.92,92.91,92.94,92.88
752,6.91,6.97,6.97,6.94,6.99,92.99,92.93,92.93,92.95,92.89
753,6.91,6.96,6.95,6.92,6.98,92.98,92.93,92.94,92.97,92.91
754,6.92,6.96,6.94,6.90,6.96,92.98,92.94,92.95,92.99,92.93
755,6.92,6.95,6.93,6.88,6.94,92.98,92.94,92.97,93.01,92.95
756,6.92,6.95,6.91,6.87,6.92,92.98,92.95,92.98,93.02,92.96
757,6.92,6.94,6.90,6.85,6.91,92.98,92.96,92.99,93.04,92.98
758,6.92,6.93,6.89,6.83,6.89,92.98,92.97,93.01,93.06,93.00
759,6.92,6.92,6.87,6.81,6.88,92.98,92.97,93.02,93.08,93.01
760,6.92,6.91,6.86,6.80,6.86,92.98,92.98,93.04,93.09,93.03
761,6.91,6.90,6.84,6.78,6.84,92.98,92.99,93.05,93.11,93.04
762,6.91,6.89,6.83,6.76,6.83,92.99,93.00,93.07,93.13,93.06
763,6.91,6.88,6.81,6.74,6.81,92.99,93.01,93.08,93.15,93.07
764,6.90,6.87,6.80,6.73,6.80,92.99,93.02,93.10,93.17,93.09
765,6.90,6.86,6.78,6.71,6.78,93.00,93.03,93.12,93.18,93.10
766,6.89,6.85,6.76,6.69,6.77,93.00,93.05,93.13,93.20,93.12
767,6.89,6.84,6.75,6.67,6.76,93.01,93.06,93.15,93.22,93.13
768,6.88,6.83,6.73,6.66,6.74,93.02,93.07,93.16,93.23,93.15
769,6.88,6.82,6.71,6.64,6.73,93.02,93.08,93.18,93.25,93.16
770,6.87,6.80,6.70,6.62,6.71,93.03,93.10,93.20,93.27,93.18
771,6.86,6.79,6.68,6.61,6.70,93.04,93.11,93.21,93.29,93.19
772,6.85,6.78,6.66,6.59,6.69,93.05,93.12,93.23,93.30,93.20
773,6.84,6.76,6.65,6.57,6.68,93.06,93.14,93.25,93.32,93.21
774,6.84,6.75,6.63,6.56,6.66,93.06,93.15,93.27,93.34,93.23
775,6.83,6.73,6.61,6.54,6.65,93.07,93.16,93.28,93.35,93.24
776,6.82,6.72,6.60,6.53,6.64,93.09,93.18,93.30,93.37,93.25
777,6.80,6.70,6.58,6.51,6.63,93.10,93.20,93.32,93.38,93.26
778,6.79,6.69,6.56,6.49,6.62,93.11,93.21,93.34,93.40,93.27
779,6.78,6.67,6.54,6.48,6.61,93.12,93.23,93.35,93.42,93.28
780,6.77,6.66,6.53,6.46,6.60,93.13,93.24,93.37,93.43,93.29
781,6.76,6.64,6.51,6.45,6.59,93.15,93.26,93.39,93.45,93.30
782,6.74,6.62,6.49,6.43,6.58,93.16,93.28,93.40,93.46,93.31
783,6.73,6.61,6.48,6.42,6.57,93.17,93.29,93.42,93.48,93.32
784,6.72,6.59,6.46,6.40,6.56,93.19,93.31,93.44,93.49,93.33
785,6.70,6.57,6.44,6.39,6.55,93.20,93.33,93.46,93.51,93.34
786,6.69,6.56,6.43,6.38,6.54,93.22,93.34,93.47,93.52,93.35
787,6.67,6.54,6.41,6.36,6.53,93.23,93.36,93.49,93.53,93.36
788,6.66,6.53,6.39,6.35,6.53,93.24,93.38,93.51,93.55,93.37
789,6.64,6.51,6.38,6.34,6.52,93.26,93.39,93.52,93.56,93.38
790,6.63,6.49,6.36,6.32,6.51,93.27,93.41,93.54,93.57,93.38
791,6.61,6.48,6.34,6.31,6.51,93.29,93.43,93.56,93.59,93.39
792,6.60,6.46,6.33,6.30,6.50,93.30,93.44,93.57,93.60,93.40
793,6.58,6.44,6.31,6.29,6.49,93.32,93.46,93.59,93.61,93.40
794,6.57,6.43,6.30,6.28,6.49,93.34,93.48,93.60,93.62,93.41
795,6.55,6.41,6.28,6.27,6.48,93.35,93.49,93.62,93.63,93.42
796,6.54,6.39,6.27,6.25,6.47,93.37,93.51,93.63,93.64,93.42
797,6.52,6.38,6.25,6.24,6.47,93.38,93.53,93.65,93.65,93.43
798,6.51,6.36,6.24,6.23,6.46,93.40,93.54,93.66,93.67,93.43
799,6.49,6.34,6.22,6.22,6.46,93.42,93.56,93.68,93.68,93.44
800,6.47,6.33,6.21,6.21,6.46,93.43,93.58,93.69,93.69,93.44
801,6.46,6.31,6.20,6.20,6.45,93.45,93.59,93.71,93.70,93.45
802,6.44,6.30,6.18,6.19,6.45,93.46,93.61,93.72,93.70,93.45
803,6.43,6.28,6.17,6.19,6.44,93.48,93.63,93.73,93.71,93.45
804,6.41,6.26,6.16,6.18,6.44,93.50,93.64,93.75,93.72,93.46
805,6.39,6.25,6.14,6.17,6.44,93.51,93.66,93.76,93.73,93.46
806,6.38,6.23,6.13,6.16,6.43,93.53,93.67,93.77,93.74,93.46
807,6.36,6.22,6.12,6.15,6.43,93.55,93.69,93.78,93.75,93.47
808,6.34,6.20,6.11,6.14,6.43,93.56,93.70,93.80,93.76,93.47
809,6.33,6.19,6.09,6.14,6.43,93.58,93.72,93.81,93.76,93.47
810,6.31,6.17,6.08,6.13,6.42,93.59,93.73,93.82,93.77,93.47
811,6.30,6.16,6.07,6.12,6.42,93.61,93.75,93.83,93.78,93.48
812,6.28,6.14,6.06,6.12,6.42,93.63,93.76,93.84,93.78,93.48
813,6.27,6.13,6.05,6.11,6.42,93.64,93.78,93.86,93.79,93.48
814,6.25,6.12,6.04,6.10,6.42,93.66,93.79,93.87,93.80,93.48
815,6.23,6.10,6.03,6.10,6.42,93.67,93.81,93.88,93.80,93.48
816,6.22,6.09,6.02,6.09,6.42,93.69,93.82,93.89,93.81,93.48
817,6.20,6.07,6.01,6.09,6.41,93.71,93.83,93.90,93.81,93.49
818,6.19,6.06,6.00,6.08,6.41,93.72,93.85,93.91,93.82,93.49
819,6.17,6.05,5.99,6.08,6.41,93.74,93.86,93.92,93.83,93.49
820,6.16,6.04,5.98,6.07,6.41,93.75,93.87,93.93,93.83,93.49
821,6.14,6.02,5.97,6.07,6.41,93.77,93.88,93.94,93.83,93.49
822,6.13,6.01,5.96,6.07,6.41,93.78,93.90,93.94,93.84,93.49
823,6.12,6.00,5.95,6.06,6.41,93.79,93.91,93.95,93.84,93.49
824,6.10,5.99,5.95,6.06,6.41,93.81,93.92,93.96,93.85,93.49
825,6.09,5.98,5.94,6.05,6.41,93.82,93.93,93.97,93.85,93.49
826,6.07,5.96,5.93,6.05,6.41,93.84,93.94,93.98,93.85,93.49
827,6.06,5.95,5.92,6.05,6.42,93.85,93.96,93.98,93.86,93.49
828,6.05,5.94,5.92,6.05,6.42,93.86,93.97,93.99,93.86,93.49
829,6.03,5.93,5.91,6.04,6.42,93.88,93.98,94.00,93.86,93.49
830,6.02,5.92,5.90,6.04,6.42,93.89,93.99,94.00,93.87,93.48
831,6.01,5.91,5.90,6.04,6.42,93.90,94.00,94.01,93.87,93.48
832,5.99,5.90,5.89,6.04,6.42,93.92,94.01,94.02,93.87,93.48
833,5.98,5.89,5.88,6.03,6.42,93.93,94.02,94.02,93.87,93.48
834,5.97,5.88,5.88,6.03,6.42,93.94,94.03,94.03,93.87,93.48
835,5.96,5.87,5.87,6.03,6.43,93.95,94.04,94.03,93.88,93.48
836,5.95,5.86,5.87,6.03,6.43,93.97,94.05,94.04,93.88,93.48
837,5.93,5.86,5.86,6.03,6.43,93.98,94.05,94.05,93.88,93.48
838,5.92,5.85,5.86,6.03,6.43,93.99,94.06,94.05,93.88,93.47
839,5.91,5.84,5.85,6.03,6.43,94.00,94.07,94.05,93.88,93.47
840,5.90,5.83,5.85,6.03,6.43,94.01,94.08,94.06,93.88,93.47
841,5.89,5.82,5.85,6.03,6.44,94.02,94.09,94.06,93.88,93.47
842,5.88,5.82,5.84,6.03,6.44,94.03,94.10,94.07,93.88,93.47
843,5.87,5.81,5.84,6.02,6.44,94.04,94.10,94.07,93.88,93.46
844,5.86,5.80,5.84,6.02,6.44,94.05,94.11,94.08,93.88,93.46
845,5.85,5.80,5.83,6.02,6.45,94.06,94.12,94.08,93.88,93.46
846,5.84,5.79,5.83,6.03,6.45,94.07,94.12,94.08,93.88,93.46
847,5.83,5.78,5.83,6.03,6.45,94.08,94.13,94.08,93.88,93.46
848,5.82,5.78,5.82,6.03,6.45,94.09,94.14,94.09,93.88,93.45
849,5.81,5.77,5.82,6.03,6.46,94.10,94.14,94.09,93.88,93.45
850,5.80,5.76,5.82,6.03,6.46,94.11,94.15,94.09,93.88,93.45
851,5.80,5.76,5.82,6.03,6.46,94.12,94.15,94.10,93.88,93.45
852,5.79,5.75,5.81,6.03,6.46,94.13,94.16,94.10,93.88,93.44
853,5.78,5.75,5.81,6.03,6.47,94.14,94.16,94.10,93.88,93.44
854,5.77,5.74,5.81,6.03,6.47,94.14,94.17,94.10,93.88,93.44
855,5.76,5.74,5.81,6.03,6.47,94.15,94.17,94.10,93.88,93.44
856,5.76,5.74,5.81,6.03,6.48,94.16,94.18,94.10,93.88,93.43
857,5.75,5.73,5.81,6.03,6.48,94.17,94.18,94.11,93.88,93.43
858,5.74,5.73,5.81,6.04,6.48,94.17,94.19,94.11,93.88,93.43
859,5.74,5.72,5.81,6.04,6.48,94.18,94.19,94.11,93.87,93.43
860,5.73,5.72,5.80,6.04,6.49,94.19,94.20,94.11,93.87,93.42
861,5.72,5.72,5.80,6.04,6.49,94.19,94.20,94.11,93.87,93.42
862,5.72,5.71,5.80,6.04,6.49,94.20,94.20,94.11,93.87,93.42
863,5.71,5.71,5.80,6.04,6.50,94.20,94.21,94.11,93.87,93.41
864,5.71,5.71,5.80,6.05,6.50,94.21,94.21,94.11,93.87,93.41
865,5.70,5.70,5.80,6.05,6.50,94.22,94.21,94.11,93.86,93.41
866,5.70,5.70,5.80,6.05,6.50,94.22,94.21,94.11,93.86,93.41
867,5.69,5.70,5.80,6.05,6.51,94.23,94.22,94.11,93.86,93.40
868,5.69,5.70,5.80,6.05,6.51,94.23,94.22,94.11,93.86,93.40
869,5.68,5.70,5.80,6.06,6.51,94.24,94.22,94.11,93.86,93.40
870,5.68,5.69,5.80,6.06,6.52,94.24,94.22,94.11,93.85,93.39
871,5.67,5.69,5.80,6.06,6.52,94.24,94.23,94.11,93.85,93.39
872,5.67,5.69,5.81,6.06,6.52,94.25,94.23,94.11,93.85,93.39
873,5.67,5.69,5.81,6.07,6.53,94.25,94.23,94.11,93.85,93.39
874,5.66,5.69,5.81,6.07,6.53,94.26,94.23,94.11,93.85,93.38
875,5.66,5.69,5.81,6.07,6.53,94.26,94.23,94.11,93.84,93.38
876,5.65,5.68,5.81,6.07,6.53,94.26,94.23,94.11,93.84,93.38
877,5.65,5.68,5.81,6.08,6.54,94.27,94.23,94.11,93.84,93.37
878,5.65,5.68,5.81,6.08,6.54,94.27,94.23,94.11,93.84,93.37
879,5.65,5.68,5.81,6.08,6.54,94.27,94.24,94.10,93.83,93.37
880,5.64,5.68,5.81,6.08,6.55,94.28,94.24,94.10,93.83,93.37
881,5.64,5.68,5.81,6.09,6.55,94.28,94.24,94.10,93.83,93.36
882,5.64,5.68,5.82,6.09,6.55,94.28,94.24,94.10,93.83,93.36
883,5.64,5.68,5.82,6.09,6.56,94.28,94.24,94.10,93.83,93.36
884,5.63,5.68,5.82,6.09,6.56,94.29,94.24,94.10,93.82,93.36
885,5.63,5.68,5.82,6.10,6.56,94.29,94.24,94.10,93.82,93.35
886,5.63,5.68,5.82,6.10,6.56,94.29,94.24,94.09,93.82,93.35
887,5.63,5.68,5.82,6.10,6.57,94.29,94.24,94.09,93.82,93.35
888,5.63,5.68,5.83,6.10,6.57,94.29,94.24,94.09,93.81,93.34
889,5.63,5.68,5.83,6.11,6.57,94.30,94.24,94.09,93.81,93.34
890,5.62,5.68,5.83,6.11,6.58,94.30,94.24,94.09,93.81,93.34
891,5.62,5.68,5.83,6.11,6.58,94.30,94.24,94.09,93.80,93.34
892,5.62,5.68,5.83,6.11,6.58,94.30,94.24,94.08,93.80,93.33
893,5.62,5.68,5.84,6.12,6.58,94.30,94.24,94.08,93.80,93.33
894,5.62,5.69,5.84,6.12,6.59,94.30,94.24,94.08,93.80,93.33
895,5.62,5.69,5.84,6.12,6.59,94.30,94.23,94.08,93.79,93.33
896,5.62,5.69,5.84,6.13,6.59,94.30,94.23,94.08,93.79,93.32
897,5.62,5.69,5.84,6.13,6.59,94.30,94.23,94.07,93.79,93.32
898,5.62,5.69,5.85,6.13,6.60,94.30,94.23,94.07,93.79,93.32
899,5.62,5.69,5.85,6.13,6.60,94.30,94.23,94.07,93.78,93.32
900,5.62,5.69,5.85,6.14,6.60,94.30,94.23,94.07,93.78,93.31
901,5.62,5.69,5.85,6.14,6.61,94.30,94.23,94.07,93.78,93.31
902,5.62,5.70,5.86,6.14,6.61,94.30,94.23,94.06,93.78,93.31
903,5.62,5.70,5.86,6.14,6.61,94.30,94.23,94.06,93.77,93.31
904,5.62,5.70,5.86,6.15,6.61,94.30,94.22,94.06,93.77,93.30
905,5.62,5.70,5.86,6.15,6.62,94.30,94.22,94.06,93.77,93.30
906,5.62,5.70,5.87,6.15,6.62,94.30,94.22,94.05,93.77,93.30
907,5.62,5.70,5.87,6.16,6.62,94.30,94.22,94.05,93.76,93.30
908,5.62,5.71,5.87,6.16,6.62,94.30,94.22,94.05,93.76,93.29
909,5.62,5.71,5.87,6.16,6.63,94.30,94.22,94.05,93.76,93.29
910,5.63,5.71,5.88,6.16,6.63,94.30,94.21,94.05,93.76,93.29
911,5.63,5.71,5.88,6.17,6.63,94.30,94.21,94.04,93.75,93.29
912,5.63,5.71,5.88,6.17,6.63,94.30,94.21,94.04,93.75,93.29
913,5.63,5.72,5.88,6.17,6.64,94.30,94.21,94.04,93.75,93.28
914,5.63,5.72,5.89,6.17,6.64,94.30,94.21,94.04,93.75,93.28
915,5.63,5.72,5.89,6.18,6.64,94.29,94.20,94.03,93.74,93.28
916,5.63,5.72,5.89,6.18,6.64,94.29,94.20,94.03,93.74,93.28
917,5.63,5.72,5.89,6.18,6.65,94.29,94.20,94.03,93.74,93.27
918,5.63,5.73,5.90,6.19,6.65,94.29,94.20,94.03,93.74,93.27
919,5.64,5.73,5.90,6.19,6.65,94.29,94.20,94.02,93.73,93.27
920,5.64,5.73,5.90,6.19,6.65,94.29,94.20,94.02,93.73,93.27
921,5.64,5.73,5.90,6.19,6.65,94.29,94.19,94.02,93.73,93.27
922,5.64,5.73,5.91,6.20,6.66,94.29,94.19,94.02,93.73,93.26
923,5.64,5.74,5.91,6.20,6.66,94.28,94.19,94.01,93.72,93.26
924,5.64,5.74,5.91,6.20,6.66,94.28,94.19,94.01,93.72,93.26
925,5.65,5.74,5.91,6.20,6.66,94.28,94.18,94.01,93.72,93.26
926,5.65,5.74,5.92,6.21,6.67,94.28,94.18,94.01,93.72,93.25
927,5.65,5.75,5.92,6.21,6.67,94.28,94.18,94.01,93.71,93.25
928,5.65,5.75,5.92,6.21,6.67,94.28,94.18,94.00,93.71,93.25
929,5.65,5.75,5.92,6.21,6.67,94.28,94.18,94.00,93.71,93.25
930,5.65,5.75,5.93,6.22,6.68,94.27,94.17,94.00,93.71,93.25
931,5.66,5.75,5.93,6.22,6.68,94.27,94.17,94.00,93.71,93.24
932,5.66,5.76,5.93,6.22,6.68,94.27,94.17,93.99,93.70,93.24
933,5.66,5.76,5.93,6.22,6.68,94.27,94.17,93.99,93.70,93.24
934,5.66,5.76,5.94,6.23,6.68,94.27,94.17,93.99,93.70,93.24
935,5.66,5.76,5.94,6.23,6.69,94.27,94.16,93.99,93.70,93.24
936,5.67,5.77,5.94,6.23,6.69,94.26,94.16,93.98,93.69,93.23
937,5.67,5.77,5.94,6.23,6.69,94.26,94.16,93.98,93.69,93.23
938,5.67,5.77,5.95,6.24,6.69,94.26,94.16,93.98,93.69,93.23
939,5.67,5.77,5.95,6.24,6.70,94.26,94.15,93.98,93.69,93.23
940,5.67,5.78,5.95,6.24,6.70,94.26,94.15,93.97,93.68,93.23
941,5.68,5.78,5.95,6.24,6.70,94.25,94.15,93.97,93.68,93.22
942,5.68,5.78,5.96,6.25,6.70,94.25,94.15,93.97,93.68,93.22
943,5.68,5.78,5.96,6.25,6.70,94.25,94.15,93.97,93.68,93.22
944,5.68,5.79,5.96,6.25,6.71,94.25,94.14,93.96,93.68,93.22
945,5.68,5.79,5.96,6.25,6.71,94.25,94.14,93.96,93.67,93.22
946,5.69,5.79,5.97,6.26,6.71,94.24,94.14,93.96,93.67,93.21
947,5.69,5.79,5.97,6.26,6.71,94.24,94.14,93.96,93.67,93.21
948,5.69,5.79,5.97,6.26,6.72,94.24,94.13,93.96,93.67,93.21
949,5.69,5.80,5.97,6.26,6.72,94.24,94.13,93.95,93.66,93.21
950,5.69,5.80,5.98,6.26,6.72,94.24,94.13,93.95,93.66,93.21
951,5.70,5.80,5.98,6.27,6.72,94.23,94.13,93.95,93.66,93.20
952,5.70,5.80,5.98,6.27,6.72,94.23,94.13,93.95,93.66,93.20
953,5.70,5.81,5.98,6.27,6.73,94.23,94.12,93.94,93.66,93.20
954,5.70,5.81,5.99,6.27,6.73,94.23,94.12,93.94,93.65,93.20
955,5.71,5.81,5.99,6.28,6.73,94.23,94.12,93.94,93.65,93.20
956,5.71,5.81,5.99,6.28,6.73,94.22,94.12,93.94,93.65,93.19
957,5.71,5.82,5.99,6.28,6.73,94.22,94.11,93.93,93.65,93.19
958,5.71,5.82,6.00,6.28,6.74,94.22,94.11,93.93,93.64,93.19
959,5.71,5.82,6.00,6.29,6.74,94.22,94.11,93.93,93.64,93.19
960,5.72,5.82,6.00,6.29,6.74,94.22,94.11,93.93,93.64,93.19
961,5.72,5.83,6.00,6.29,6.74,94.21,94.11,93.93,93.64,93.18
962,5.72,5.83,6.01,6.29,6.74,94.21,94.10,93.92,93.64,93.18
963,5.72,5.83,6.01,6.30,6.75,94.21,94.10,93.92,93.63,93.18
964,5.73,5.83,6.01,6.30,6.75,94.21,94.10,93.92,93.63,93.18
965,5.73,5.84,6.01,6.30,6.75,94.21,94.10,93.92,93.63,93.18
966,5.73,5.84,6.02,6.30,6.75,94.20,94.09,93.91,93.63,93.18
967,5.73,5.84,6.02,6.30,6.75,94.20,94.09,93.91,93.62,93.17
968,5.73,5.84,6.02,6.31,6.76,94.20,94.09,93.91,93.62,93.17
969,5.74,5.85,6.02,6.31,6.76,94.20,94.09,93.91,93.62,93.17
970,5.74,5.85,6.03,6.31,6.76,94.19,94.08,93.90,93.62,93.17
971,5.74,5.85,6.03,6.31,6.76,94.19,94.08,93.90,93.62,93.17
972,5.74,5.85,6.03,6.32,6.76,94.19,94.08,93.90,93.61,93.17
973,5.75,5.86,6.03,6.32,6.76,94.19,94.08,93.90,93.61,93.16
974,5.75,5.86,6.04,6.32,6.77,94.19,94.08,93.90,93.61,93.16
975,5.75,5.86,6.04,6.32,6.77,94.18,94.07,93.89,93.61,93.16
976,5.75,5.86,6.04,6.32,6.77,94.18,94.07,93.89,93.61,93.16
977,5.76,5.87,6.04,6.33,6.77,94.18,94.07,93.89,93.60,93.16
978,5.76,5.87,6.05,6.33,6.77,94.18,94.07,93.89,93.60,93.16
979,5.76,5.87,6.05,6.33,6.78,94.17,94.06,93.88,93.60,93.15
980,5.76,5.87,6.05,6.33,6.78,94.17,94.06,93.88,93.60,93.15
981,5.77,5.88,6.05,6.34,6.78,94.17,94.06,93.88,93.60,93.15
982,5.77,5.88,6.06,6.34,6.78,94.17,94.06,93.88,93.59,93.15
983,5.77,5.88,6.06,6.34,6.78,94.16,94.05,93.87,93.59,93.15
984,5.77,5.88,6.06,6.34,6.78,94.16,94.05,93.87,93.59,93.15
985,5.78,5.89,6.06,6.34,6.79,94.16,94.05,93.87,93.59,93.14
986,5.78,5.89,6.07,6.35,6.79,94.16,94.05,93.87,93.59,93.14
987,5.78,5.89,6.07,6.35,6.79,94.16,94.04,93.87,93.58,93.14
988,5.78,5.89,6.07,6.35,6.79,94.15,94.04,93.86,93.58,93.14
989,5.79,5.90,6.07,6.35,6.79,94.15,94.04,93.86,93.58,93.14
990,5.79,5.90,6.08,6.36,6.79,94.15,94.04,93.86,93.58,93.14
991,5.79,5.90,6.08,6.36,6.80,94.15,94.03,93.86,93.58,93.14
992,5.79,5.90,6.08,6.36,6.80,94.14,94.03,93.85,93.57,93.13
993,5.79,5.91,6.08,6.36,6.80,94.14,94.03,93.85,93.57,93.13
994,5.80,5.91,6.09,6.36,6.80,94.14,94.03,93.85,93.57,93.13
995,5.80,5.91,6.09,6.37,6.80,94.14,94.03,93.85,93.57,93.13
996,5.80,5.91,6.09,6.37,6.80,94.13,94.02,93.84,93.57,93.13
997,5.81,5.92,6.09,6.37,6.80,94.13,94.02,93.84,93.56,93.13
998,5.81,5.92,6.09,6.37,6.81,94.13,94.02,93.84,93.56,93.13
999,5.81,5.92,6.10,6.37,6.81,94.13,94.02,93.84,93.56,93.13
1000,5.81,5.92,6.10,6.38,6.81,94.12,94.01,93.84,93.56,93.12