"46 layers, 1.45 microns total thickness",,
,,
nm,R,T
120,0.110661,0
120.5,0.111766,0
121,0.113407,0
121.5,0.116084,0
122,0.119236,0
122.5,0.124306,0
123,0.131392,0
123.5,0.142966,0
124,0.160066,0
124.5,0.181155,0
125,0.204024,0.000001
125.5,0.226543,0.000001
126,0.250162,0.000001
126.5,0.278166,0.000001
127,0.311022,0.000001
127.5,0.34428,0.000002
128,0.372238,0.000002
128.5,0.393957,0.000003
129,0.416746,0.000003
129.5,0.451799,0.000004
130,0.501855,0.000004
130.5,0.534444,0.000005
131,0.562208,0.000005
131.5,0.581756,0.000006
132,0.592826,0.000006
132.5,0.598296,0.000007
133,0.603533,0.000008
133.5,0.612711,0.000009
134,0.624698,0.00001
134.5,0.637887,0.00001
135,0.642491,0.00001
135.5,0.631985,0.000011
136,0.6056,0.000013
136.5,0.57252,0.000015
137,0.552328,0.000016
137.5,0.557718,0.000017
138,0.58213,0.000017
138.5,0.611039,0.000017
139,0.633781,0.000017
139.5,0.647511,0.000017
140,0.655939,0.000017
140.5,0.665912,0.000019
141,0.681039,0.000021
141.5,0.700881,0.000022
142,0.721897,0.000023
142.5,0.739585,0.000024
143,0.75048,0.000027
143.5,0.752703,0.00003
144,0.747855,0.000034
144.5,0.736488,0.000041
145,0.719402,0.000049
145.5,0.698483,0.000059
146,0.676098,0.000071
146.5,0.654279,0.000086
147,0.633897,0.000104
147.5,0.614391,0.000125
148,0.594256,0.00015
148.5,0.571855,0.000181
149,0.546569,0.00022
149.5,0.520234,0.000268
150,0.4981,0.000323
150.5,0.482709,0.000385
151,0.478523,0.000448
151.5,0.483325,0.000515
152,0.49382,0.000586
152.5,0.509049,0.000661
153,0.530523,0.000736
153.5,0.559244,0.000806
154,0.593155,0.000869
154.5,0.628618,0.000927
155,0.662237,0.000986
155.5,0.69428,0.001045
156,0.724123,0.001102
156.5,0.751006,0.001163
157,0.77419,0.001231
157.5,0.793188,0.001314
158,0.807827,0.001421
158.5,0.818157,0.001562
159,0.824321,0.001751
159.5,0.826451,0.002002
160,0.82462,0.002335
160.5,0.818064,0.002788
161,0.807733,0.003383
161.5,0.794342,0.004141
162,0.777479,0.005115
162.5,0.75771,0.00633
163,0.736042,0.007816
163.5,0.713994,0.009529
164,0.69383,0.011445
164.5,0.680186,0.013323
165,0.680695,0.014822
165.5,0.698828,0.01554
166,0.726972,0.015669
166.5,0.755134,0.015584
167,0.778455,0.015577
167.5,0.795929,0.01579
168,0.807935,0.016253
168.5,0.81514,0.017075
169,0.818172,0.018206
169.5,0.817543,0.019772
170,0.81377,0.021697
170.5,0.808062,0.023954
171,0.800717,0.026502
171.5,0.792587,0.029188
172,0.784482,0.03195
172.5,0.777149,0.034436
173,0.771047,0.036673
173.5,0.766432,0.038395
174,0.763555,0.039539
174.5,0.762909,0.040038
175,0.765182,0.039725
175.5,0.771765,0.03874
176,0.782501,0.037142
176.5,0.795651,0.035314
177,0.808426,0.033623
177.5,0.818401,0.032294
178,0.824772,0.031574
178.5,0.826729,0.031514
179,0.824143,0.032213
179.5,0.816875,0.033747
180,0.80433,0.036089
180.5,0.787617,0.039163
181,0.766402,0.042829
181.5,0.741511,0.046696
182,0.714192,0.050266
182.5,0.683855,0.052943
183,0.650643,0.054566
183.5,0.623999,0.054849
184,0.628815,0.052805
184.5,0.670282,0.04874
185,0.719425,0.044472
185.5,0.757913,0.041196
186,0.784044,0.039201
186.5,0.7999,0.038371
187,0.807923,0.03863
187.5,0.809785,0.039964
188,0.806004,0.042302
188.5,0.797306,0.045716
189,0.784048,0.050236
189.5,0.766154,0.05567
190,0.74432,0.061964
190.5,0.719649,0.068795
191,0.692317,0.075716
191.5,0.665034,0.082404
192,0.643288,0.088214
192.5,0.634936,0.092118
193,0.644341,0.093934
193.5,0.665505,0.094358
194,0.688192,0.094556
194.5,0.706453,0.095764
195,0.717938,0.098623
195.5,0.722132,0.103335
196,0.719455,0.110456
196.5,0.710055,0.120354
197,0.693761,0.133165
197.5,0.670773,0.149424
198,0.641215,0.169337
198.5,0.605667,0.192365
199,0.565017,0.218232
199.5,0.520372,0.246133
200,0.472445,0.27484
200.5,0.422587,0.303535
201,0.368784,0.333259
201.5,0.313813,0.363456
202,0.268013,0.391186
202.5,0.246276,0.411753
203,0.253989,0.422134
203.5,0.279964,0.424736
204,0.308848,0.425524
204.5,0.331053,0.428598
205,0.343263,0.435456
205.5,0.345651,0.446757
206,0.339459,0.462347
206.5,0.326199,0.481455
207,0.307217,0.503313
207.5,0.283208,0.527961
208,0.254652,0.555244
208.5,0.222092,0.584593
209,0.186417,0.616061
209.5,0.150139,0.64838
210,0.117979,0.678499
210.5,0.095784,0.702374
211,0.086782,0.717757
211.5,0.09061,0.724249
212,0.102881,0.723904
212.5,0.118067,0.720624
213,0.131568,0.717808
213.5,0.140451,0.717741
214,0.143304,0.721491
214.5,0.140026,0.729632
215,0.131131,0.741926
215.5,0.117667,0.757532
216,0.101235,0.7752
216.5,0.084002,0.793381
217,0.068633,0.809914
217.5,0.058062,0.822169
218,0.054869,0.828088
218.5,0.06052,0.826484
219,0.074787,0.817462
219.5,0.095725,0.802372
220,0.120484,0.783743
220.5,0.144125,0.765846
221,0.166371,0.748938
221.5,0.185702,0.734194
222,0.201265,0.722594
222.5,0.212586,0.714623
223,0.219492,0.710486
223.5,0.222019,0.710037
224,0.220346,0.713312
224.5,0.214721,0.720128
225,0.20546,0.730227
225.5,0.193206,0.742926
226,0.178285,0.758056
226.5,0.161251,0.775147
227,0.142798,0.793582
227.5,0.123815,0.812446
228,0.105257,0.830962
228.5,0.088195,0.848193
229,0.073711,0.863152
229.5,0.062739,0.874895
230,0.055901,0.882856
230.5,0.053352,0.886919
231,0.054979,0.887155
231.5,0.060049,0.884154
232,0.067535,0.878786
232.5,0.076387,0.872097
233,0.085577,0.865031
233.5,0.094227,0.8584
234,0.101631,0.852766
234.5,0.107362,0.848642
235,0.111146,0.846299
235.5,0.112868,0.845857
236,0.11255,0.847257
236.5,0.110346,0.850372
237,0.106503,0.855019
237.5,0.101356,0.860892
238,0.095317,0.867603
238.5,0.08887,0.874612
239,0.082545,0.881505
239.5,0.07689,0.887762
240,0.072433,0.892879
240.5,0.069632,0.89639
241,0.068867,0.897909
241.5,0.070313,0.897311
242,0.073971,0.894591
242.5,0.079655,0.889918
243,0.087009,0.883578
243.5,0.095578,0.87603
244,0.104846,0.867787
244.5,0.114288,0.859352
245,0.123411,0.851199
245.5,0.131765,0.843714
246,0.139016,0.837267
246.5,0.144895,0.832128
247,0.149203,0.828492
247.5,0.151816,0.826486
248,0.152665,0.826128
248.5,0.151755,0.827471
249,0.149125,0.830479
249.5,0.144864,0.835071
250,0.139103,0.841121
250.5,0.132419,0.848028
251,0.124733,0.855912
251.5,0.116276,0.864553
252,0.107312,0.873694
252.5,0.098139,0.883046
253,0.089091,0.892247
253.5,0.080494,0.901012
254,0.07268,0.909021
254.5,0.065964,0.915966
255,0.060617,0.92158
255.5,0.056848,0.925628
256,0.054782,0.928004
256.5,0.054456,0.928681
257,0.055813,0.927711
257.5,0.058711,0.925231
258,0.06293,0.921441
258.5,0.0682,0.916595
259,0.074234,0.910994
259.5,0.080733,0.904931
260,0.087403,0.898691
260.5,0.093978,0.892537
261,0.100215,0.886677
261.5,0.105926,0.881327
262,0.110952,0.876645
262.5,0.115173,0.872748
263,0.118504,0.869721
263.5,0.120897,0.867603
264,0.122335,0.866408
264.5,0.122822,0.866148
265,0.122387,0.866794
265.5,0.121078,0.868301
266,0.118965,0.870599
266.5,0.116138,0.873583
267,0.1127,0.877167
267.5,0.108766,0.88124
268,0.104467,0.885675
268.5,0.099942,0.890333
269,0.095339,0.895071
269.5,0.090809,0.899718
270,0.086496,0.904155
270.5,0.082537,0.908241
271,0.079061,0.911854
271.5,0.076173,0.914886
272,0.073959,0.917252
272.5,0.072474,0.918881
273,0.071741,0.919768
273.5,0.071755,0.919915
274,0.072483,0.919357
274.5,0.073863,0.918151
275,0.075812,0.916381
275.5,0.078219,0.91414
276,0.08098,0.911547
276.5,0.083975,0.908721
277,0.087085,0.905778
277.5,0.090193,0.902835
278,0.093191,0.899999
278.5,0.095977,0.89736
279,0.098466,0.89501
279.5,0.100588,0.893024
280,0.102283,0.891459
280.5,0.103507,0.89036
281,0.10423,0.889755
281.5,0.104436,0.889656
282,0.104124,0.890065
282.5,0.103306,0.890975
283,0.102006,0.892363
283.5,0.100258,0.894196
284,0.098106,0.896429
284.5,0.095608,0.899004
285,0.09283,0.901848
285.5,0.089842,0.9049
286,0.086724,0.908082
286.5,0.083561,0.91131
287,0.080439,0.914496
287.5,0.077448,0.917551
288,0.074678,0.920384
288.5,0.07221,0.922911
289,0.070124,0.92506
289.5,0.068488,0.926761
290,0.067359,0.927959
290.5,0.066781,0.928609
291,0.066781,0.928684
291.5,0.067371,0.928166
292,0.068545,0.927065
292.5,0.070282,0.925404
293,0.072545,0.923218
293.5,0.075285,0.920558
294,0.07844,0.917485
294.5,0.08194,0.914067
295,0.085704,0.91038
295.5,0.089656,0.906504
296,0.093717,0.902519
296.5,0.097809,0.898502
297,0.101855,0.894529
297.5,0.105785,0.890672
298,0.109533,0.886995
298.5,0.113039,0.883553
299,0.116252,0.880401
299.5,0.119128,0.877584
300,0.121631,0.875137
300.5,0.123696,0.873127
301,0.12535,0.871525
301.5,0.126578,0.870348
302,0.127372,0.869598
302.5,0.127732,0.869279
303,0.127657,0.869393
303.5,0.127156,0.869932
304,0.12624,0.870882
304.5,0.124928,0.872228
305,0.123241,0.873948
305.5,0.121206,0.876014
306,0.118853,0.878393
306.5,0.116215,0.881055
307,0.11333,0.883965
307.5,0.110238,0.887081
308,0.106982,0.89036
308.5,0.103608,0.893757
309,0.100165,0.897223
309.5,0.096704,0.900706
310,0.093273,0.904156
310.5,0.089919,0.90753
311,0.086689,0.910782
311.5,0.083629,0.913864
312,0.080782,0.916734
312.5,0.078187,0.919352
313,0.075879,0.921685
313.5,0.073888,0.923699
314,0.072236,0.925374
314.5,0.070941,0.926695
315,0.070011,0.92765
315.5,0.069451,0.928237
316,0.069257,0.928459
316.5,0.069417,0.928328
317,0.069916,0.927858
317.5,0.070729,0.927074
318,0.071829,0.926002
318.5,0.073187,0.924673
319,0.074769,0.92312
319.5,0.076538,0.921381
320,0.078457,0.919492
320.5,0.080487,0.917491
321,0.082591,0.915416
321.5,0.084731,0.913305
322,0.08687,0.911192
322.5,0.088977,0.909112
323,0.091019,0.907095
323.5,0.092968,0.905172
324,0.094799,0.903366
324.5,0.096488,0.901701
325,0.098016,0.900197
325.5,0.099367,0.89887
326,0.100525,0.897732
326.5,0.101483,0.896794
327,0.102232,0.896064
327.5,0.102769,0.895546
328,0.103092,0.895241
328.5,0.103202,0.895149
329,0.103103,0.895265
329.5,0.102801,0.895583
330,0.102306,0.896094
330.5,0.101629,0.896785
331,0.100781,0.897647
331.5,0.099777,0.898664
332,0.098633,0.899821
332.5,0.097366,0.9011
333,0.095996,0.902483
333.5,0.094541,0.90395
334,0.093023,0.905481
334.5,0.091463,0.907052
335,0.089883,0.908642
335.5,0.088304,0.910232
336,0.086748,0.911798
336.5,0.085235,0.913321
337,0.083787,0.914781
337.5,0.082422,0.916157
338,0.081159,0.917431
338.5,0.080014,0.918588
339,0.079002,0.91961
339.5,0.078137,0.920486
340,0.077428,0.921206
340.5,0.076882,0.921762
341,0.076507,0.922149
341.5,0.076305,0.922362
342,0.076277,0.922402
342.5,0.076422,0.922268
343,0.076737,0.921966
343.5,0.077214,0.921501
344,0.077846,0.92088
344.5,0.078623,0.920115
345,0.079533,0.919217
345.5,0.080563,0.918199
346,0.081697,0.917076
346.5,0.082921,0.915865
347,0.084218,0.91458
347.5,0.085571,0.913239
348,0.086963,0.911859
348.5,0.088377,0.910457
349,0.089793,0.909052
349.5,0.091199,0.907657
350,0.092578,0.906288
350.5,0.093912,0.904965
351,0.09519,0.903697
351.5,0.0964,0.902497
352,0.09753,0.901378
352.5,0.098568,0.90035
353,0.099504,0.899423
353.5,0.100331,0.898605
354,0.10104,0.897905
354.5,0.101626,0.897327
355,0.102083,0.896879
355.5,0.102407,0.896562
356,0.102596,0.896381
356.5,0.102649,0.896335
357,0.102565,0.896426
357.5,0.102346,0.896653
358,0.101993,0.897013
358.5,0.101509,0.897503
359,0.100901,0.898117
359.5,0.100172,0.898851
360,0.099329,0.8997
360.5,0.098377,0.900657
361,0.097326,0.901713
361.5,0.096184,0.902861
362,0.094959,0.90409
362.5,0.093663,0.905392
363,0.092306,0.906754
363.5,0.090898,0.908166
364,0.089452,0.909616
364.5,0.08798,0.911092
365,0.086494,0.912583
365.5,0.085005,0.914075
366,0.083528,0.915557
366.5,0.082073,0.917016
367,0.080653,0.91844
367.5,0.07928,0.919817
368,0.077967,0.921135
368.5,0.076723,0.922383
369,0.07556,0.92355
369.5,0.074489,0.924626
370,0.073517,0.925602
370.5,0.072652,0.926471
371,0.071902,0.927225
371.5,0.071274,0.927858
372,0.070772,0.928365
372.5,0.0704,0.928742
373,0.070161,0.928985
373.5,0.070058,0.929094
374,0.07009,0.929067
374.5,0.070257,0.928905
375,0.070557,0.92861
375.5,0.070988,0.928184
376,0.071545,0.927632
376.5,0.072223,0.92696
377,0.073016,0.926172
377.5,0.073918,0.925275
378,0.07492,0.924278
378.5,0.076016,0.923188
379,0.077195,0.922014
379.5,0.078449,0.920766
380,0.079769,0.919452
380.5,0.081143,0.918083
381,0.082559,0.916672
381.5,0.084012,0.915225
382,0.08549,0.913752
382.5,0.086984,0.912264
383,0.088484,0.910769
383.5,0.089981,0.909277
384,0.091466,0.907797
384.5,0.09293,0.906338
385,0.094364,0.904909
385.5,0.095761,0.903517
386,0.097113,0.90217
386.5,0.098413,0.900875
387,0.099655,0.899638
387.5,0.100832,0.898465
388,0.10194,0.897362
388.5,0.102972,0.896334
389,0.103925,0.895384
389.5,0.104795,0.894518
390,0.105579,0.893738
390.5,0.106274,0.893047
391,0.106878,0.892447
391.5,0.107389,0.89194
392,0.107807,0.891526
392.5,0.108129,0.891207
393,0.108359,0.89098
393.5,0.108494,0.890848
394,0.108536,0.890809
394.5,0.108486,0.890863
395,0.108345,0.891006
395.5,0.108115,0.891238
396,0.1078,0.891557
396.5,0.107401,0.891958
397,0.106922,0.89244
397.5,0.106365,0.892999
398,0.105736,0.89363
398.5,0.105038,0.894331
399,0.104276,0.895095
399.5,0.103454,0.89592
400,0.102576,0.896799
400.5,0.101661,0.897716
401,0.100701,0.898678
401.5,0.099703,0.899678
402,0.098671,0.900711
402.5,0.097612,0.901773
403,0.09653,0.902856
403.5,0.095431,0.903957
404,0.094321,0.905069
404.5,0.093204,0.906187
405,0.092088,0.907306
405.5,0.090977,0.908418
406,0.089877,0.90952
406.5,0.088792,0.910606
407,0.087729,0.911671
407.5,0.086691,0.912711
408,0.085684,0.91372
408.5,0.084712,0.914694
409,0.083779,0.915628
409.5,0.082889,0.91652
410,0.082047,0.917364
410.5,0.081255,0.918158
411,0.080516,0.918898
411.5,0.079834,0.919582
412,0.079211,0.920208
412.5,0.078648,0.920772
413,0.078147,0.921275
413.5,0.07771,0.921714
414,0.077337,0.922089
414.5,0.077028,0.9224
415,0.076784,0.922646
415.5,0.076604,0.922828
416,0.076489,0.922945
416.5,0.076436,0.923
417,0.076445,0.922994
417.5,0.076514,0.922927
418,0.076641,0.922802
418.5,0.076824,0.922621
419,0.077061,0.922387
419.5,0.077349,0.922101
420,0.077685,0.921767
420.5,0.078066,0.921388
421,0.078489,0.920967
421.5,0.07895,0.920508
422,0.079447,0.920014
422.5,0.079974,0.919489
423,0.080529,0.918936
423.5,0.081108,0.918359
424,0.081707,0.917763
424.5,0.082323,0.917149
425,0.082951,0.916524
425.5,0.083588,0.915889
426,0.08423,0.915249
426.5,0.084873,0.914609
427,0.085513,0.91397
427.5,0.086149,0.913337
428,0.086776,0.912712
428.5,0.087391,0.912099
429,0.087992,0.9115
429.5,0.088576,0.910918
430,0.089139,0.910357
430.5,0.08968,0.909818
431,0.090196,0.909304
431.5,0.090684,0.908818
432,0.091143,0.908361
432.5,0.091571,0.907935
433,0.091966,0.907542
433.5,0.092327,0.907183
434,0.092651,0.906861
434.5,0.092938,0.906575
435,0.093188,0.906327
435.5,0.093399,0.906118
436,0.09357,0.905948
436.5,0.093702,0.905818
437,0.093794,0.905727
437.5,0.093846,0.905677
438,0.093858,0.905667
438.5,0.09383,0.905696
439,0.093762,0.905765
439.5,0.093655,0.905874
440,0.09351,0.90602
440.5,0.093327,0.906205
441,0.093107,0.906426
441.5,0.092851,0.906683
442,0.092561,0.906975
442.5,0.092237,0.9073
443,0.091881,0.907657
443.5,0.091495,0.908045
444,0.091079,0.908461
444.5,0.090637,0.908905
445,0.090168,0.909375
445.5,0.089676,0.909868
446,0.089163,0.910383
446.5,0.088629,0.910917
447,0.088078,0.91147
447.5,0.087511,0.912038
448,0.08693,0.912619
448.5,0.086339,0.913212
449,0.085737,0.913814
449.5,0.08513,0.914423
450,0.084517,0.915036
450.5,0.083905,0.91565
451,0.083292,0.916263
451.5,0.082681,0.916875
452,0.082074,0.917483
452.5,0.081473,0.918085
453,0.08088,0.918679
453.5,0.080297,0.919263
454,0.079726,0.919835
454.5,0.07917,0.920393
455,0.078629,0.920935
455.5,0.078106,0.921459
456,0.077602,0.921964
456.5,0.077119,0.922448
457,0.076659,0.922909
457.5,0.076222,0.923346
458,0.075811,0.923758
458.5,0.075427,0.924144
459,0.07507,0.924502
459.5,0.074742,0.924831
460,0.074443,0.92513
460.5,0.074175,0.9254
461,0.073937,0.925638
461.5,0.073732,0.925845
462,0.073558,0.92602
462.5,0.073416,0.926163
463,0.073307,0.926273
463.5,0.073231,0.92635
464,0.073187,0.926396
464.5,0.073175,0.926409
465,0.073195,0.92639
465.5,0.073247,0.926339
466,0.07333,0.926257
466.5,0.073443,0.926145
467,0.073586,0.926003
467.5,0.073758,0.925832
468,0.073958,0.925633
468.5,0.074185,0.925407
469,0.074439,0.925155
469.5,0.074717,0.924878
470,0.075019,0.924577
470.5,0.075343,0.924254
471,0.075689,0.923909
471.5,0.076055,0.923545
472,0.076439,0.923162
472.5,0.07684,0.922762
473,0.077257,0.922346
473.5,0.077688,0.921917
474,0.078132,0.921475
474.5,0.078586,0.921021
475,0.07905,0.920559
475.5,0.079522,0.920088
476,0.08,0.919611
476.5,0.080483,0.919129
477,0.080969,0.918644
477.5,0.081457,0.918157
478,0.081946,0.91767
478.5,0.082433,0.917184
479,0.082917,0.916701
479.5,0.083397,0.916222
480,0.083872,0.915749
480.5,0.084339,0.915282
481,0.084799,0.914824
481.5,0.085249,0.914375
482,0.085688,0.913937
482.5,0.086116,0.913511
483,0.08653,0.913097
483.5,0.086931,0.912698
484,0.087316,0.912314
484.5,0.087685,0.911945
485,0.088038,0.911594
485.5,0.088373,0.91126
486,0.088689,0.910945
486.5,0.088986,0.910649
487,0.089263,0.910373
487.5,0.089519,0.910118
488,0.089754,0.909883
488.5,0.089968,0.90967
489,0.09016,0.90948
489.5,0.090329,0.909312
490,0.090475,0.909166
490.5,0.090599,0.909044
491,0.090699,0.908945
491.5,0.090775,0.908869
492,0.090828,0.908817
492.5,0.090858,0.908788
493,0.090864,0.908783
493.5,0.090846,0.908802
494,0.090805,0.908843
494.5,0.090741,0.908908
495,0.090654,0.908996
495.5,0.090544,0.909106
496,0.090412,0.909239
496.5,0.090258,0.909394
497,0.090082,0.909571
497.5,0.089885,0.909768
498,0.089668,0.909987
498.5,0.08943,0.910225
499,0.089172,0.910483
499.5,0.088896,0.91076
500,0.088601,0.911056
500.5,0.0883,0.911358
501,0.087982,0.911677
501.5,0.087647,0.912012
502,0.087298,0.912362
502.5,0.086934,0.912726
503,0.086557,0.913104
503.5,0.086166,0.913495
504,0.085764,0.913898
504.5,0.085351,0.914312
505,0.084927,0.914736
505.5,0.084495,0.915169
506,0.084053,0.915611
506.5,0.083605,0.91606
507,0.08315,0.916516
507.5,0.082689,0.916977
508,0.082224,0.917443
508.5,0.081755,0.917913
509,0.081283,0.918385
509.5,0.08081,0.918859
510,0.080336,0.919333
510.5,0.079862,0.919808
511,0.079389,0.920281
511.5,0.078919,0.920752
512,0.078451,0.92122
512.5,0.077988,0.921684
513,0.07753,0.922143
513.5,0.077077,0.922596
514,0.076631,0.923042
514.5,0.076193,0.923481
515,0.075764,0.923911
515.5,0.075344,0.924331
516,0.074934,0.924741
516.5,0.074535,0.925141
517,0.074148,0.925529
517.5,0.073773,0.925904
518,0.073411,0.926267
518.5,0.073063,0.926615
519,0.07273,0.926949
519.5,0.072411,0.927269
520,0.072108,0.927572
520.5,0.071821,0.92786
521,0.071551,0.928131
521.5,0.071298,0.928384
522,0.071062,0.92862
522.5,0.070845,0.928839
523,0.070645,0.929038
523.5,0.070465,0.92922
524,0.070303,0.929382
524.5,0.070161,0.929525
525,0.070038,0.929648
525.5,0.069934,0.929753
526,0.06985,0.929837
526.5,0.069786,0.929902
527,0.069742,0.929947
527.5,0.069717,0.929972
528,0.069712,0.929978
528.5,0.069727,0.929963
529,0.069762,0.929929
529.5,0.069816,0.929876
530,0.069889,0.929803
530.5,0.069982,0.929711
531,0.070093,0.929601
531.5,0.070223,0.929472
532,0.070371,0.929324
532.5,0.070537,0.929159
533,0.070721,0.928976
533.5,0.070922,0.928776
534,0.071139,0.928559
534.5,0.071373,0.928326
535,0.071623,0.928077
535.5,0.071888,0.927812
536,0.072168,0.927533
536.5,0.072462,0.927239
537,0.07277,0.926932
537.5,0.073091,0.926612
538,0.073425,0.926279
538.5,0.07377,0.925934
539,0.074127,0.925578
539.5,0.074495,0.925211
540,0.074872,0.924834
540.5,0.07526,0.924448
541,0.075656,0.924052
541.5,0.07606,0.923649
542,0.076472,0.923238
542.5,0.07689,0.92282
543,0.077315,0.922396
543.5,0.077746,0.921966
544,0.078181,0.921531
544.5,0.078621,0.921093
545,0.079064,0.92065
545.5,0.07951,0.920205
546,0.079958,0.919757
546.5,0.080408,0.919308
547,0.080859,0.918858
547.5,0.08131,0.918408
548,0.081761,0.917957
548.5,0.082211,0.917508
549,0.08266,0.91706
549.5,0.083106,0.916614
550,0.08355,0.916171
550.5,0.083991,0.915731
551,0.084428,0.915295
551.5,0.08486,0.914863
552,0.085288,0.914435
552.5,0.085711,0.914013
553,0.086128,0.913597
553.5,0.086539,0.913187
554,0.086943,0.912783
554.5,0.08734,0.912387
555,0.087729,0.911998
555.5,0.088111,0.911618
556,0.088484,0.911245
556.5,0.088848,0.910882
557,0.089203,0.910527
557.5,0.089549,0.910182
558,0.089885,0.909847
558.5,0.090211,0.909521
559,0.090527,0.909206
559.5,0.090832,0.908902
560,0.091126,0.908608
560.5,0.091409,0.908326
561,0.09168,0.908055
561.5,0.091941,0.907795
562,0.092189,0.907547
562.5,0.092426,0.907311
563,0.09265,0.907087
563.5,0.092863,0.906875
564,0.093063,0.906675
564.5,0.093251,0.906488
565,0.093427,0.906313
565.5,0.09359,0.906151
566,0.09374,0.906001
566.5,0.093878,0.905864
567,0.094003,0.905739
567.5,0.094115,0.905627
568,0.094215,0.905527
568.5,0.094303,0.90544
569,0.094378,0.905366
569.5,0.09444,0.905304
570,0.09449,0.905255
570.5,0.094528,0.905218
571,0.094553,0.905193
571.5,0.094566,0.90518
572,0.094567,0.905179
572.5,0.094557,0.905191
573,0.094534,0.905213
573.5,0.0945,0.905248
574,0.094455,0.905294
574.5,0.094398,0.90535
575,0.094331,0.905418
575.5,0.094253,0.905496
576,0.094165,0.905585
576.5,0.094066,0.905685
577,0.093957,0.905795
577.5,0.093837,0.905914
578,0.093708,0.906043
578.5,0.09357,0.906182
579,0.093422,0.90633
579.5,0.093266,0.906487
580,0.093101,0.906653
580.5,0.092927,0.906827
581,0.092745,0.907009
581.5,0.092556,0.907199
582,0.092359,0.907396
582.5,0.092154,0.907601
583,0.091943,0.907813
583.5,0.091725,0.908031
584,0.091501,0.908255
584.5,0.091271,0.908486
585,0.091035,0.908722
585.5,0.090794,0.908964
586,0.090548,0.90921
586.5,0.090297,0.909461
587,0.090042,0.909717
587.5,0.089783,0.909976
588,0.08952,0.910239
588.5,0.089254,0.910506
589,0.088985,0.910775
589.5,0.088713,0.911047
590,0.088439,0.911322
590.5,0.088163,0.911598
591,0.087885,0.911877
591.5,0.087606,0.912156
592,0.087326,0.912437
592.5,0.087045,0.912718
593,0.086763,0.913
593.5,0.086482,0.913281
594,0.086201,0.913563
594.5,0.08592,0.913844
595,0.085641,0.914124
595.5,0.085362,0.914403
596,0.085085,0.91468
596.5,0.08481,0.914955
597,0.084537,0.915229
597.5,0.084266,0.9155
598,0.083998,0.915769
598.5,0.083733,0.916034
599,0.083471,0.916296
599.5,0.083212,0.916555
600,0.082957,0.91681
600.5,0.082706,0.917062
601,0.08246,0.917309
601.5,0.082217,0.917551
602,0.08198,0.917789
602.5,0.081747,0.918022
603,0.08152,0.91825
603.5,0.081298,0.918472
604,0.081081,0.918689
604.5,0.08087,0.918901
605,0.080665,0.919106
605.5,0.080466,0.919306
606,0.080273,0.919499
606.5,0.080086,0.919686
607,0.079906,0.919866
607.5,0.079733,0.92004
608,0.079566,0.920207
608.5,0.079406,0.920367
609,0.079254,0.92052
609.5,0.079108,0.920666
610,0.078969,0.920805
610.5,0.078838,0.920937
611,0.078714,0.921061
611.5,0.078598,0.921178
612,0.078489,0.921287
612.5,0.078387,0.921389
613,0.078293,0.921483
613.5,0.078207,0.92157
614,0.078128,0.921649
614.5,0.078057,0.921721
615,0.077993,0.921785
615.5,0.077937,0.921841
616,0.077889,0.92189
616.5,0.077848,0.921931
617,0.077814,0.921965
617.5,0.077788,0.921991
618,0.07777,0.92201
618.5,0.077759,0.922022
619,0.077755,0.922026
619.5,0.077759,0.922023
620,0.077769,0.922012
620.5,0.077787,0.921995
621,0.077812,0.921971
621.5,0.077843,0.921939
622,0.077882,0.921901
622.5,0.077927,0.921857
623,0.077979,0.921805
623.5,0.078037,0.921748
624,0.078101,0.921683
624.5,0.078172,0.921613
625,0.078249,0.921537
625.5,0.078331,0.921455
626,0.07842,0.921367
626.5,0.078514,0.921273
627,0.078613,0.921174
627.5,0.078718,0.92107
628,0.078828,0.92096
628.5,0.078943,0.920845
629,0.079062,0.920726
629.5,0.079187,0.920602
630,0.079315,0.920474
630.5,0.079448,0.920341
631,0.079586,0.920204
631.5,0.079727,0.920064
632,0.079871,0.919919
632.5,0.08002,0.919772
633,0.080171,0.91962
633.5,0.080326,0.919466
634,0.080484,0.919308
634.5,0.080644,0.919148
635,0.080807,0.918986
635.5,0.080973,0.91882
636,0.081141,0.918653
636.5,0.08131,0.918484
637,0.081482,0.918312
637.5,0.081655,0.91814
638,0.08183,0.917965
638.5,0.082006,0.91779
639,0.082183,0.917613
639.5,0.082361,0.917435
640,0.08254,0.917257
640.5,0.082719,0.917078
641,0.082898,0.916899
641.5,0.083078,0.91672
642,0.083258,0.916541
642.5,0.083437,0.916362
643,0.083616,0.916183
643.5,0.083795,0.916005
644,0.083972,0.915827
644.5,0.084149,0.915651
645,0.084325,0.915475
645.5,0.0845,0.915301
646,0.084673,0.915128
646.5,0.084845,0.914956
647,0.085015,0.914787
647.5,0.085183,0.914619
648,0.08535,0.914453
648.5,0.085514,0.914289
649,0.085676,0.914127
649.5,0.085835,0.913968
650,0.085992,0.913812
650.5,0.086146,0.913658
651,0.086297,0.913507
651.5,0.086445,0.913359
652,0.086591,0.913214
652.5,0.086733,0.913073
653,0.086872,0.912934
653.5,0.087007,0.912799
654,0.08714,0.912667
654.5,0.087268,0.912539
655,0.087393,0.912414
655.5,0.087514,0.912294
656,0.087631,0.912177
656.5,0.087745,0.912064
657,0.087854,0.911955
657.5,0.087959,0.91185
658,0.08806,0.911749
658.5,0.088157,0.911653
659,0.088249,0.91156
659.5,0.088337,0.911473
660,0.088421,0.911389
660.5,0.0885,0.91131
661,0.088575,0.911236
661.5,0.088645,0.911166
662,0.08871,0.911101
662.5,0.088771,0.911041
663,0.088827,0.910985
663.5,0.088879,0.910934
664,0.088925,0.910888
664.5,0.088967,0.910846
665,0.089004,0.910809
665.5,0.089036,0.910778
666,0.089064,0.91075
666.5,0.089086,0.910728
667,0.089104,0.910711
667.5,0.089116,0.910698
668,0.089124,0.910691
668.5,0.089127,0.910688
669,0.089126,0.91069
669.5,0.089119,0.910697
670,0.089107,0.910709
670.5,0.089091,0.910725
671,0.08907,0.910747
671.5,0.089044,0.910773
672,0.089014,0.910804
672.5,0.088978,0.910839
673,0.088938,0.91088
673.5,0.088894,0.910925
674,0.088844,0.910974
674.5,0.088791,0.911028
675,0.088732,0.911087
675.5,0.088669,0.91115
676,0.088602,0.911217
676.5,0.08853,0.911289
677,0.088454,0.911366
677.5,0.088374,0.911446
678,0.08829,0.911531
678.5,0.088201,0.91162
679,0.088108,0.911713
679.5,0.088011,0.91181
680,0.087911,0.911911
680.5,0.087806,0.912016
681,0.087697,0.912125
681.5,0.087585,0.912237
682,0.087469,0.912353
682.5,0.08735,0.912473
683,0.087227,0.912596
683.5,0.0871,0.912723
684,0.08697,0.912853
684.5,0.086837,0.912987
685,0.086701,0.913123
685.5,0.086561,0.913263
686,0.086419,0.913406
686.5,0.086273,0.913551
687,0.086125,0.9137
687.5,0.085974,0.913851
688,0.08582,0.914005
688.5,0.085664,0.914162
689,0.085505,0.914321
689.5,0.085344,0.914482
690,0.085181,0.914646
690.5,0.085015,0.914811
691,0.084847,0.914979
691.5,0.084678,0.915149
692,0.084506,0.915321
692.5,0.084333,0.915494
693,0.084158,0.91567
693.5,0.083981,0.915847
694,0.083803,0.916025
694.5,0.083624,0.916204
695,0.083443,0.916385
695.5,0.083261,0.916568
696,0.083078,0.916751
696.5,0.082894,0.916935
697,0.082709,0.91712
697.5,0.082524,0.917306
698,0.082337,0.917492
698.5,0.082151,0.917679
699,0.081963,0.917867
699.5,0.081776,0.918055
700,0.081588,0.918243
700.5,0.0814,0.918431
701,0.081212,0.918619
701.5,0.081024,0.918808
702,0.080836,0.918996
702.5,0.080648,0.919184
703,0.080461,0.919371
703.5,0.080274,0.919558
704,0.080087,0.919745
704.5,0.079902,0.919931
705,0.079717,0.920116
705.5,0.079532,0.9203
706,0.079349,0.920484
706.5,0.079167,0.920666
707,0.078986,0.920848
707.5,0.078806,0.921028
708,0.078627,0.921207
708.5,0.07845,0.921384
709,0.078274,0.921561
709.5,0.078099,0.921735
710,0.077926,0.921908
710.5,0.077755,0.92208
711,0.077586,0.922249
711.5,0.077418,0.922417
712,0.077252,0.922583
712.5,0.077089,0.922747
713,0.076927,0.922909
713.5,0.076768,0.923068
714,0.07661,0.923226
714.5,0.076456,0.923381
715,0.076303,0.923534
715.5,0.076153,0.923684
716,0.076005,0.923832
716.5,0.07586,0.923977
717,0.075717,0.92412
717.5,0.075577,0.92426
718,0.07544,0.924398
718.5,0.075306,0.924532
719,0.075174,0.924664
719.5,0.075045,0.924793
720,0.07492,0.924919
720.5,0.074797,0.925042
721,0.074677,0.925162
721.5,0.074561,0.925279
722,0.074447,0.925393
722.5,0.074337,0.925503
723,0.074229,0.925611
723.5,0.074125,0.925715
724,0.074025,0.925816
724.5,0.073927,0.925913
725,0.073833,0.926008
725.5,0.073742,0.926099
726,0.073655,0.926186
726.5,0.073571,0.92627
727,0.073491,0.926351
727.5,0.073414,0.926428
728,0.07334,0.926502
728.5,0.07327,0.926572
729,0.073204,0.926639
729.5,0.07314,0.926702
730,0.073081,0.926762
730.5,0.073025,0.926818
731,0.072973,0.926871
731.5,0.072924,0.92692
732,0.072878,0.926965
732.5,0.072837,0.927007
733,0.072798,0.927046
733.5,0.072764,0.92708
734,0.072733,0.927112
734.5,0.072705,0.92714
735,0.072681,0.927164
735.5,0.072661,0.927184
736,0.072644,0.927202
736.5,0.07263,0.927215
737,0.07262,0.927226
737.5,0.072614,0.927232
738,0.07261,0.927236
738.5,0.072611,0.927236
739,0.072615,0.927232
739.5,0.072622,0.927225
740,0.072632,0.927215
740.5,0.072646,0.927201
741,0.072663,0.927184
741.5,0.072684,0.927164
742,0.072707,0.92714
742.5,0.072734,0.927114
743,0.072764,0.927084
743.5,0.072798,0.927051
744,0.072834,0.927015
744.5,0.072874,0.926975
745,0.072916,0.926933
745.5,0.072962,0.926888
746,0.07301,0.926839
746.5,0.073061,0.926788
747,0.073116,0.926734
747.5,0.073173,0.926677
748,0.073233,0.926618
748.5,0.073295,0.926556
749,0.07336,0.926491
749.5,0.073428,0.926423
750,0.073499,0.926353
750.5,0.073572,0.92628
751,0.073647,0.926204
751.5,0.073725,0.926127
752,0.073806,0.926046
752.5,0.073888,0.925964
753,0.073974,0.925879
753.5,0.074061,0.925792
754,0.07415,0.925703
754.5,0.074242,0.925611
755,0.074336,0.925518
755.5,0.074432,0.925422
756,0.074529,0.925324
756.5,0.074629,0.925225
757,0.074731,0.925124
757.5,0.074834,0.925021
758,0.074939,0.924916
758.5,0.075046,0.924809
759,0.075154,0.924701
759.5,0.075264,0.924591
760,0.075376,0.92448
760.5,0.075489,0.924367
761,0.075603,0.924253
761.5,0.075719,0.924137
762,0.075836,0.924021
762.5,0.075954,0.923903
763,0.076073,0.923784
763.5,0.076193,0.923663
764,0.076315,0.923542
764.5,0.076437,0.92342
765,0.076561,0.923297
765.5,0.076685,0.923173
766,0.07681,0.923048
766.5,0.076936,0.922922
767,0.077062,0.922796
767.5,0.077189,0.922669
768,0.077317,0.922542
768.5,0.077445,0.922414
769,0.077574,0.922285
769.5,0.077703,0.922156
770,0.077832,0.922027
770.5,0.077962,0.921898
771,0.078092,0.921768
771.5,0.078222,0.921638
772,0.078352,0.921508
772.5,0.078483,0.921378
773,0.078613,0.921248
773.5,0.078743,0.921118
774,0.078873,0.920988
774.5,0.079003,0.920858
775,0.079133,0.920729
775.5,0.079262,0.9206
776,0.079391,0.920471
776.5,0.07952,0.920342
777,0.079649,0.920214
777.5,0.079776,0.920086
778,0.079904,0.919959
778.5,0.080031,0.919832
779,0.080157,0.919706
779.5,0.080282,0.919581
780,0.080407,0.919456
780.5,0.080531,0.919332
781,0.080655,0.919209
781.5,0.080777,0.919087
782,0.080899,0.918966
782.5,0.081019,0.918845
783,0.081139,0.918726
783.5,0.081258,0.918607
784,0.081375,0.91849
784.5,0.081492,0.918374
785,0.081607,0.918259
785.5,0.081721,0.918145
786,0.081834,0.918032
786.5,0.081946,0.91792
787,0.082056,0.91781
787.5,0.082165,0.917701
788,0.082273,0.917594
788.5,0.082379,0.917487
789,0.082484,0.917383
789.5,0.082588,0.91728
790,0.08269,0.917178
790.5,0.08279,0.917077
791,0.082889,0.916979
791.5,0.082986,0.916882
792,0.083082,0.916786
792.5,0.083176,0.916692
793,0.083268,0.9166
793.5,0.083359,0.91651
794,0.083448,0.916421
794.5,0.083535,0.916334
795,0.083621,0.916248
795.5,0.083705,0.916165
796,0.083787,0.916083
796.5,0.083867,0.916003
797,0.083945,0.915925
797.5,0.084022,0.915849
798,0.084096,0.915774
798.5,0.084169,0.915702
799,0.08424,0.915631
799.5,0.084308,0.915562
800,0.084375,0.915496
800.5,0.08444,0.915431
801,0.084503,0.915368
801.5,0.084564,0.915308
802,0.084623,0.915249
802.5,0.08468,0.915192
803,0.084734,0.915138
803.5,0.084787,0.915085
804,0.084838,0.915035
804.5,0.084886,0.914986
805,0.084933,0.91494
805.5,0.084977,0.914895
806,0.08502,0.914853
806.5,0.08506,0.914813
807,0.085098,0.914775
807.5,0.085134,0.914739
808,0.085168,0.914705
808.5,0.0852,0.914674
809,0.08523,0.914644
809.5,0.085257,0.914617
810,0.085283,0.914591
810.5,0.085306,0.914568
811,0.085328,0.914547
811.5,0.085347,0.914528
812,0.085364,0.914511
812.5,0.085378,0.914497
813,0.085391,0.914484
813.5,0.085402,0.914474
814,0.08541,0.914465
814.5,0.085417,0.914459
815,0.085421,0.914455
815.5,0.085423,0.914453
816,0.085423,0.914453
816.5,0.085422,0.914455
817,0.085418,0.914459
817.5,0.085411,0.914465
818,0.085403,0.914473
818.5,0.085393,0.914484
819,0.085381,0.914496
819.5,0.085367,0.914511
820,0.08535,0.914527
820.5,0.085332,0.914545
821,0.085312,0.914566
821.5,0.08529,0.914588
822,0.085266,0.914612
822.5,0.085239,0.914639
823,0.085211,0.914667
823.5,0.085181,0.914697
824,0.08515,0.914729
824.5,0.085116,0.914763
825,0.08508,0.914799
825.5,0.085043,0.914836
826,0.085003,0.914876
826.5,0.084962,0.914917
827,0.084919,0.91496
827.5,0.084874,0.915005
828,0.084828,0.915052
828.5,0.08478,0.9151
829,0.08473,0.91515
829.5,0.084678,0.915202
830,0.084624,0.915256
830.5,0.084569,0.915311
831,0.084513,0.915368
831.5,0.084454,0.915427
832,0.084394,0.915487
832.5,0.084332,0.915548
833,0.084269,0.915612
833.5,0.084205,0.915676
834,0.084138,0.915743
834.5,0.084071,0.915811
835,0.084001,0.91588
835.5,0.083931,0.915951
836,0.083859,0.916023
836.5,0.083785,0.916097
837,0.08371,0.916172
837.5,0.083634,0.916248
838,0.083557,0.916326
838.5,0.083478,0.916405
839,0.083398,0.916485
839.5,0.083316,0.916566
840,0.083234,0.916649
840.5,0.08315,0.916733
841,0.083065,0.916818
841.5,0.082979,0.916904
842,0.082892,0.916992
842.5,0.082803,0.91708
843,0.082714,0.91717
843.5,0.082623,0.91726
844,0.082532,0.917352
844.5,0.082439,0.917445
845,0.082346,0.917538
845.5,0.082252,0.917632
846,0.082157,0.917728
846.5,0.082061,0.917824
847,0.081964,0.917921
847.5,0.081866,0.918019
848,0.081767,0.918118
848.5,0.081668,0.918217
849,0.081568,0.918317
849.5,0.081467,0.918418
850,0.081366,0.918519
850.5,0.081264,0.918621
851,0.081162,0.918724
851.5,0.081059,0.918827
852,0.080955,0.91893
852.5,0.080851,0.919035
853,0.080747,0.919139
853.5,0.080642,0.919245
854,0.080536,0.91935
854.5,0.08043,0.919456
855,0.080324,0.919563
855.5,0.080217,0.91967
856,0.08011,0.919777
856.5,0.080003,0.919884
857,0.079895,0.919992
857.5,0.079787,0.9201
858,0.079679,0.920208
858.5,0.079571,0.920317
859,0.079462,0.920425
859.5,0.079354,0.920534
860,0.079245,0.920643
860.5,0.079136,0.920751
861,0.079028,0.92086
861.5,0.078919,0.920969
862,0.07881,0.921078
862.5,0.078701,0.921187
863,0.078592,0.921296
863.5,0.078484,0.921405
864,0.078375,0.921514
864.5,0.078267,0.921622
865,0.078158,0.92173
865.5,0.07805,0.921839
866,0.077943,0.921947
866.5,0.077835,0.922054
867,0.077728,0.922162
867.5,0.077621,0.922269
868,0.077514,0.922375
868.5,0.077408,0.922482
869,0.077302,0.922588
869.5,0.077196,0.922694
870,0.077091,0.922799
870.5,0.076986,0.922904
871,0.076882,0.923008
871.5,0.076779,0.923112
872,0.076675,0.923215
872.5,0.076573,0.923318
873,0.076471,0.92342
873.5,0.076369,0.923522
874,0.076268,0.923623
874.5,0.076168,0.923723
875,0.076069,0.923823
875.5,0.07597,0.923921
876,0.075872,0.92402
876.5,0.075774,0.924117
877,0.075678,0.924214
877.5,0.075582,0.92431
878,0.075487,0.924405
878.5,0.075392,0.9245
879,0.075299,0.924593
879.5,0.075206,0.924686
880,0.075115,0.924778
880.5,0.075024,0.924869
881,0.074934,0.924959
881.5,0.074845,0.925048
882,0.074757,0.925136
882.5,0.07467,0.925223
883,0.074584,0.925309
883.5,0.074499,0.925394
884,0.074415,0.925478
884.5,0.074332,0.925561
885,0.07425,0.925643
885.5,0.074169,0.925724
886,0.07409,0.925804
886.5,0.074011,0.925883
887,0.073934,0.92596
887.5,0.073857,0.926037
888,0.073782,0.926112
888.5,0.073708,0.926186
889,0.073635,0.926259
889.5,0.073564,0.92633
890,0.073494,0.926401
890.5,0.073424,0.92647
891,0.073357,0.926538
891.5,0.07329,0.926605
892,0.073225,0.92667
892.5,0.073161,0.926735
893,0.073098,0.926797
893.5,0.073036,0.926859
894,0.072976,0.926919
894.5,0.072917,0.926978
895,0.07286,0.927036
895.5,0.072804,0.927092
896,0.072749,0.927147
896.5,0.072695,0.927201
897,0.072643,0.927253
897.5,0.072593,0.927304
898,0.072543,0.927353
898.5,0.072495,0.927401
899,0.072449,0.927448
899.5,0.072404,0.927493
900,0.07236,0.927536
900.5,0.072318,0.927579
901,0.072277,0.92762
901.5,0.072238,0.927659
902,0.0722,0.927697
902.5,0.072164,0.927734
903,0.072129,0.927769
903.5,0.072095,0.927802
904,0.072063,0.927835
904.5,0.072032,0.927865
905,0.072003,0.927895
905.5,0.071976,0.927922
906,0.071949,0.927949
906.5,0.071925,0.927974
907,0.071901,0.927997
907.5,0.07188,0.928019
908,0.071859,0.928039
908.5,0.071841,0.928058
909,0.071823,0.928075
909.5,0.071808,0.928091
910,0.071793,0.928106
910.5,0.07178,0.928119
911,0.071769,0.92813
911.5,0.071759,0.92814
912,0.071751,0.928149
912.5,0.071744,0.928156
913,0.071738,0.928161
913.5,0.071734,0.928166
914,0.071731,0.928168
914.5,0.07173,0.92817
915,0.071731,0.928169
915.5,0.071733,0.928168
916,0.071736,0.928164
916.5,0.071741,0.92816
917,0.071747,0.928154
917.5,0.071754,0.928146
918,0.071763,0.928137
918.5,0.071774,0.928127
919,0.071786,0.928115
919.5,0.071799,0.928102
920,0.071814,0.928087
920.5,0.07183,0.928071
921,0.071848,0.928053
921.5,0.071867,0.928034
922,0.071888,0.928014
922.5,0.07191,0.927992
923,0.071933,0.927969
923.5,0.071957,0.927944
924,0.071984,0.927918
924.5,0.072011,0.927891
925,0.07204,0.927862
925.5,0.07207,0.927832
926,0.072101,0.927801
926.5,0.072134,0.927768
927,0.072168,0.927734
927.5,0.072204,0.927699
928,0.07224,0.927662
928.5,0.072278,0.927625
929,0.072318,0.927585
929.5,0.072358,0.927545
930,0.0724,0.927503
930.5,0.072443,0.92746
931,0.072488,0.927416
931.5,0.072533,0.92737
932,0.07258,0.927323
932.5,0.072628,0.927275
933,0.072678,0.927226
933.5,0.072728,0.927176
934,0.07278,0.927124
934.5,0.072833,0.927071
935,0.072887,0.927017
935.5,0.072942,0.926962
936,0.072998,0.926906
936.5,0.073056,0.926849
937,0.073114,0.92679
937.5,0.073174,0.926731
938,0.073235,0.92667
938.5,0.073297,0.926609
939,0.073359,0.926546
939.5,0.073423,0.926482
940,0.073488,0.926417
940.5,0.073554,0.926351
941,0.073621,0.926284
941.5,0.073689,0.926216
942,0.073758,0.926147
942.5,0.073828,0.926078
943,0.073899,0.926007
943.5,0.073971,0.925935
944,0.074044,0.925862
944.5,0.074118,0.925789
945,0.074192,0.925714
945.5,0.074268,0.925639
946,0.074344,0.925562
946.5,0.074422,0.925485
947,0.0745,0.925407
947.5,0.074579,0.925328
948,0.074659,0.925248
948.5,0.07474,0.925168
949,0.074821,0.925086
949.5,0.074903,0.925004
950,0.074986,0.924921
950.5,0.07507,0.924837
951,0.075155,0.924753
951.5,0.07524,0.924668
952,0.075326,0.924582
952.5,0.075412,0.924496
953,0.0755,0.924408
953.5,0.075588,0.924321
954,0.075676,0.924232
954.5,0.075766,0.924143
955,0.075855,0.924053
955.5,0.075946,0.923963
956,0.076037,0.923872
956.5,0.076128,0.92378
957,0.076221,0.923688
957.5,0.076313,0.923596
958,0.076407,0.923503
958.5,0.0765,0.923409
959,0.076595,0.923315
959.5,0.076689,0.92322
960,0.076784,0.923125
960.5,0.07688,0.92303
961,0.076976,0.922934
961.5,0.077073,0.922837
962,0.07717,0.922741
962.5,0.077267,0.922643
963,0.077365,0.922546
963.5,0.077463,0.922448
964,0.077561,0.92235
964.5,0.07766,0.922251
965,0.077759,0.922152
965.5,0.077858,0.922053
966,0.077958,0.921953
966.5,0.078058,0.921853
967,0.078158,0.921753
967.5,0.078258,0.921653
968,0.078359,0.921552
968.5,0.07846,0.921452
969,0.078561,0.921351
969.5,0.078662,0.921249
970,0.078764,0.921148
970.5,0.078865,0.921047
971,0.078967,0.920945
971.5,0.079069,0.920843
972,0.079171,0.920741
972.5,0.079273,0.920639
973,0.079375,0.920537
973.5,0.079478,0.920435
974,0.07958,0.920333
974.5,0.079682,0.92023
975,0.079785,0.920128
975.5,0.079887,0.920025
976,0.07999,0.919923
976.5,0.080092,0.919821
977,0.080195,0.919718
977.5,0.080297,0.919616
978,0.0804,0.919513
978.5,0.080502,0.919411
979,0.080605,0.919309
979.5,0.080707,0.919207
980,0.080809,0.919105
980.5,0.080911,0.919003
981,0.081013,0.918901
981.5,0.081115,0.918799
982,0.081217,0.918697
982.5,0.081318,0.918596
983,0.08142,0.918495
983.5,0.081521,0.918394
984,0.081622,0.918293
984.5,0.081723,0.918192
985,0.081823,0.918092
985.5,0.081923,0.917991
986,0.082023,0.917891
986.5,0.082123,0.917792
987,0.082223,0.917692
987.5,0.082322,0.917593
988,0.082421,0.917494
988.5,0.08252,0.917395
989,0.082618,0.917297
989.5,0.082717,0.917199
990,0.082814,0.917101
990.5,0.082912,0.917004
991,0.083009,0.916907
991.5,0.083106,0.91681
992,0.083202,0.916714
992.5,0.083299,0.916618
993,0.083394,0.916522
993.5,0.08349,0.916427
994,0.083585,0.916332
994.5,0.083679,0.916237
995,0.083773,0.916143
995.5,0.083867,0.916049
996,0.083961,0.915956
996.5,0.084053,0.915863
997,0.084146,0.915771
997.5,0.084238,0.915679
998,0.084329,0.915588
998.5,0.08442,0.915497
999,0.084511,0.915406
999.5,0.084601,0.915316
1000,0.084691,0.915227
1000.5,0.08478,0.915138
1001,0.084868,0.915049
1001.5,0.084957,0.914961
1002,0.085044,0.914874
1002.5,0.085131,0.914787
1003,0.085218,0.9147
1003.5,0.085304,0.914614
1004,0.085389,0.914529
1004.5,0.085474,0.914444
1005,0.085558,0.91436
1005.5,0.085642,0.914277
1006,0.085725,0.914193
1006.5,0.085808,0.914111
1007,0.08589,0.914029
1007.5,0.085971,0.913948
1008,0.086052,0.913867
1008.5,0.086132,0.913787
1009,0.086211,0.913708
1009.5,0.08629,0.913629
1010,0.086368,0.913551
1010.5,0.086446,0.913474
1011,0.086523,0.913397
1011.5,0.086599,0.913321
1012,0.086674,0.913245
1012.5,0.086749,0.91317
1013,0.086824,0.913096
1013.5,0.086897,0.913023
1014,0.08697,0.91295
1014.5,0.087042,0.912878
1015,0.087114,0.912806
1015.5,0.087185,0.912735
1016,0.087255,0.912665
1016.5,0.087325,0.912596
1017,0.087393,0.912527
1017.5,0.087461,0.912459
1018,0.087529,0.912392
1018.5,0.087595,0.912325
1019,0.087661,0.912259
1019.5,0.087727,0.912194
1020,0.087791,0.91213
1020.5,0.087855,0.912066
1021,0.087918,0.912003
1021.5,0.08798,0.911941
1022,0.088042,0.91188
1022.5,0.088102,0.911819
1023,0.088163,0.911759
1023.5,0.088222,0.9117
1024,0.08828,0.911641
1024.5,0.088338,0.911584
1025,0.088395,0.911527
1025.5,0.088452,0.91147
1026,0.088507,0.911415
1026.5,0.088562,0.91136
1027,0.088616,0.911306
1027.5,0.088669,0.911253
1028,0.088722,0.911201
1028.5,0.088773,0.911149
1029,0.088824,0.911098
1029.5,0.088875,0.911048
1030,0.088924,0.910999
1030.5,0.088973,0.91095
1031,0.089021,0.910902
1031.5,0.089068,0.910855
1032,0.089114,0.910809
1032.5,0.08916,0.910763
1033,0.089204,0.910719
1033.5,0.089248,0.910675
1034,0.089292,0.910632
1034.5,0.089334,0.910589
1035,0.089376,0.910548
1035.5,0.089417,0.910507
1036,0.089457,0.910467
1036.5,0.089496,0.910428
1037,0.089534,0.910389
1037.5,0.089572,0.910352
1038,0.089609,0.910315
1038.5,0.089645,0.910279
1039,0.089681,0.910243
1039.5,0.089715,0.910209
1040,0.089749,0.910175
1040.5,0.089782,0.910142
1041,0.089814,0.91011
1041.5,0.089846,0.910079
1042,0.089877,0.910048
1042.5,0.089906,0.910018
1043,0.089936,0.909989
1043.5,0.089964,0.909961
1044,0.089992,0.909933
1044.5,0.090018,0.909906
1045,0.090044,0.909881
1045.5,0.09007,0.909855
1046,0.090094,0.909831
1046.5,0.090118,0.909807
1047,0.090141,0.909784
1047.5,0.090163,0.909762
1048,0.090184,0.909741
1048.5,0.090205,0.90972
1049,0.090225,0.909701
1049.5,0.090244,0.909682
1050,0.090262,0.909663
1050.5,0.09028,0.909646
1051,0.090297,0.909629
1051.5,0.090313,0.909613
1052,0.090328,0.909598
1052.5,0.090343,0.909583
1053,0.090357,0.909569
1053.5,0.09037,0.909557
1054,0.090382,0.909544
1054.5,0.090394,0.909533
1055,0.090404,0.909522
1055.5,0.090415,0.909512
1056,0.090424,0.909503
1056.5,0.090433,0.909494
1057,0.09044,0.909486
1057.5,0.090448,0.909479
1058,0.090454,0.909473
1058.5,0.09046,0.909467
1059,0.090465,0.909462
1059.5,0.090469,0.909458
1060,0.090473,0.909454
1060.5,0.090476,0.909451
1061,0.090478,0.909449
1061.5,0.090479,0.909448
1062,0.09048,0.909447
1062.5,0.09048,0.909447
1063,0.09048,0.909448
1063.5,0.090478,0.909449
1064,0.090477,0.909451
1064.5,0.090474,0.909454
1065,0.090471,0.909457
1065.5,0.090467,0.909461
1066,0.090462,0.909466
1066.5,0.090456,0.909471
1067,0.09045,0.909478
1067.5,0.090444,0.909484
1068,0.090436,0.909492
1068.5,0.090428,0.9095
1069,0.09042,0.909508
1069.5,0.090411,0.909517
1070,0.090401,0.909527
1070.5,0.090391,0.909538
1071,0.09038,0.909549
1071.5,0.090368,0.90956
1072,0.090356,0.909572
1072.5,0.090344,0.909585
1073,0.09033,0.909599
1073.5,0.090316,0.909613
1074,0.090302,0.909627
1074.5,0.090286,0.909643
1075,0.090271,0.909658
1075.5,0.090254,0.909675
1076,0.090237,0.909692
1076.5,0.09022,0.90971
1077,0.090201,0.909728
1077.5,0.090183,0.909747
1078,0.090163,0.909766
1078.5,0.090144,0.909786
1079,0.090123,0.909806
1079.5,0.090102,0.909827
1080,0.090081,0.909849
1080.5,0.090059,0.909871
1081,0.090036,0.909894
1081.5,0.090013,0.909917
1082,0.089989,0.909941
1082.5,0.089965,0.909965
1083,0.08994,0.90999
1083.5,0.089915,0.910015
1084,0.089889,0.910041
1084.5,0.089863,0.910067
1085,0.089836,0.910094
1085.5,0.089809,0.910122
1086,0.089781,0.910149
1086.5,0.089753,0.910178
1087,0.089724,0.910207
1087.5,0.089695,0.910236
1088,0.089665,0.910266
1088.5,0.089635,0.910296
1089,0.089604,0.910327
1089.5,0.089573,0.910358
1090,0.089541,0.910389
1090.5,0.089509,0.910422
1091,0.089477,0.910454
1091.5,0.089444,0.910487
1092,0.089411,0.91052
1092.5,0.089377,0.910554
1093,0.089343,0.910589
1093.5,0.089308,0.910623
1094,0.089273,0.910658
1094.5,0.089238,0.910694
1095,0.089202,0.91073
1095.5,0.089165,0.910766
1096,0.089129,0.910803
1096.5,0.089092,0.91084
1097,0.089054,0.910877
1097.5,0.089017,0.910915
1098,0.088978,0.910954
1098.5,0.08894,0.910992
1099,0.088901,0.911031
1099.5,0.088862,0.91107
1100,0.088822,0.91111