single layer HfO2,,,
assumes 7 µm device layer thickness,,,
,,,
nm,T (%),corr. 7 µm,eff QE
100,6.3567,0,0.063567
101,6.2861,0,0.062861
102,6.2198,0,0.062198
103,6.159,0,0.06159
104,6.109,0,0.06109
105,6.0667,0,0.060667
106,6.0369,0,0.060369
107,6.02,0,0.0602
108,6.006,0,0.06006
109,5.9942,0,0.059942
110,5.9855,0,0.059855
111,5.9854,0,0.059854
112,5.9894,0,0.059894
113,5.9981,0,0.059981
114,6.0137,0,0.060137
115,6.0317,0,0.060317
116,6.0599,0,0.060599
117,6.0937,0,0.060937
118,6.1297,0,0.061297
119,6.1721,0,0.061721
120,6.2173,0,0.062173
121,6.2644,0,0.062644
122,6.3247,0,0.063247
123,6.3869,0,0.063869
124,6.4512,0,0.064512
125,6.519,0,0.06519
126,6.5889,0,0.065889
127,6.6606,0,0.066606
128,6.7421,0,0.067421
129,6.8273,0,0.068273
130,6.9146,0,0.069146
131,7.007,0,0.07007
132,7.1047,0,0.071047
133,7.2043,0,0.072043
134,7.3061,0,0.073061
135,7.4181,0,0.074181
136,7.5323,0,0.075323
137,7.6486,0,0.076486
138,7.7695,0,0.077695
139,7.9025,0,0.079025
140,8.0378,0,0.080378
141,8.1753,0,0.081753
142,8.317,0,0.08317
143,8.4651,0,0.084651
144,8.6156,0,0.086156
145,8.7685,0,0.087685
146,8.9256,0,0.089256
147,9.1003,0,0.091003
148,9.2776,0,0.092776
149,9.4573,0,0.094573
150,9.6398,0,0.096398
151,9.8305,0,0.098305
152,10.0265,0,0.100265
153,10.225,0,0.10225
154,10.4265,0,0.104265
155,10.6305,0,0.106305
156,10.8487,0,0.108487
157,11.0697,0,0.110697
158,11.2936,0,0.112936
159,11.5204,0,0.115204
160,11.7501,0,0.117501
161,12.0004,0,0.120004
162,12.2537,0,0.122537
163,12.5099,0,0.125099
164,12.7693,0,0.127693
165,13.0316,0,0.130316
166,13.3107,0,0.133107
167,13.5988,0,0.135988
168,13.89,0,0.1389
169,14.1842,0,0.141842
170,14.4816,0,0.144816
171,14.782,0,0.14782
172,15.1026,0,0.151026
173,15.4263,0,0.154263
174,15.753,0,0.15753
175,16.0827,0,0.160827
176,16.4154,0,0.164154
177,16.7509,0,0.167509
178,17.1027,0,0.171027
179,17.4587,0,0.174587
180,17.8175,0,0.178175
181,18.1789,0,0.181789
182,18.5431,0,0.185431
183,18.9098,0,0.189098
184,19.2839,0,0.192839
185,19.6716,0,0.196716
186,20.0616,0,0.200616
187,20.4538,0,0.204538
188,20.8481,0,0.208481
189,21.2444,0,0.212444
190,21.6426,0,0.216426
191,23.3544,0,0.233544
192,25.1523,0,0.251523
193,27.0378,0,0.270378
194,29.0072,0,0.290072
195,31.0551,0,0.310551
196,33.1752,0,0.331752
197,35.3594,0,0.353594
198,37.5989,0,0.375989
199,39.8959,0,0.398959
200,42.2356,0,0.422356
201,44.5966,0,0.445966
202,46.9655,0,0.469655
203,49.3279,0,0.493279
204,51.6693,0,0.516693
205,53.9748,0,0.539748
206,56.2302,0,0.562302
207,58.4446,0,0.584446
208,60.6158,0,0.606158
209,62.6344,0,0.626344
210,64.6137,0,0.646137
211,66.4462,0,0.664462
212,68.1939,0,0.681939
213,69.7767,0,0.697767
214,71.2457,0,0.712457
215,72.6082,0,0.726082
216,73.8979,0,0.738979
217,74.9665,0,0.749665
218,75.8884,0,0.758884
219,76.7504,0,0.767504
220,77.5215,0,0.775215
221,78.1143,0,0.781143
222,78.6747,0,0.786747
223,79.1158,0,0.791158
224,79.5425,0,0.795425
225,79.888,0,0.79888
226,80.1269,0,0.801269
227,80.3843,0,0.803843
228,80.5883,0,0.805883
229,80.8158,0,0.808158
230,81.0371,0,0.810371
231,81.2502,0,0.812502
232,81.3821,0,0.813821
233,81.4469,0,0.814469
234,81.412,0,0.81412
235,81.2386,0,0.812386
236,80.9363,0,0.809363
237,80.5157,0,0.805157
238,79.9894,0,0.799894
239,79.3791,0,0.793791
240,78.6944,0,0.786944
241,77.9731,0,0.779731
242,77.1609,0,0.771609
243,76.2993,0,0.762993
244,75.4676,0,0.754676
245,74.5217,0,0.745217
246,73.5993,0,0.735993
247,72.6674,0,0.726674
248,71.6804,0,0.716804
249,70.7338,0,0.707338
250,69.7725,0,0.697725
251,68.7451,0,0.687451
252,67.7437,0,0.677437
253,66.7128,0,0.667128
254,65.8122,0,0.658122
255,64.7552,0,0.647552
256,63.7736,0,0.637736
257,62.7509,0,0.627509
258,61.7442,0,0.617442
259,60.7425,0,0.607425
260,59.7303,0,0.597303
261,58.7312,0,0.587312
262,57.7366,0,0.577366
263,56.758,0,0.56758
264,55.7603,0,0.557603
265,54.7576,0,0.547576
266,53.8437,0,0.538437
267,52.9095,0,0.529095
268,52.0587,0,0.520587
269,51.2285,0,0.512285
270,50.4803,0,0.504803
271,49.8598,0,0.498598
272,49.3121,0,0.493121
273,48.8527,0,0.488527
274,48.5022,0,0.485022
275,48.222,0,0.48222
276,47.9963,0,0.479963
277,47.8122,0,0.478122
278,47.6818,0,0.476818
279,47.5986,0,0.475986
280,47.5199,0,0.475199
281,47.4619,0,0.474619
282,47.4123,0,0.474123
283,47.3656,0,0.473656
284,47.3253,0,0.473253
285,47.3249,0,0.473249
286,47.3688,0,0.473688
287,47.4545,0,0.474545
288,47.801,0,0.47801
289,48.2346,0,0.482346
290,48.757,0,0.48757
291,49.4269,0,0.494269
292,50.1171,0,0.501171
293,50.7893,0,0.507893
294,51.4467,0,0.514467
295,52.0827,0,0.520827
296,52.6676,0,0.526676
297,53.211,0,0.53211
298,53.7152,0,0.537152
299,54.1271,0,0.541271
300,54.5101,0,0.545101
301,54.8734,0,0.548734
302,55.232,0,0.55232
303,55.5409,0,0.555409
304,55.8177,0,0.558177
305,56.094,0,0.56094
306,56.3105,0,0.563105
307,56.5002,0,0.565002
308,56.6802,0,0.566802
309,56.8352,0,0.568352
310,56.9739,0,0.569739
311,57.0982,0,0.570982
312,57.2008,0,0.572008
313,57.2817,0,0.572817
314,57.3539,0,0.573539
315,57.4165,0,0.574165
316,57.4585,0,0.574585
317,57.491,0,0.57491
318,57.5178,0,0.575178
319,57.529,0,0.57529
320,57.5314,0,0.575314
321,57.5305,0,0.575305
322,57.518,0,0.57518
323,57.5017,0,0.575017
324,57.477,0,0.57477
325,57.4487,0,0.574487
326,57.415,0,0.57415
327,57.3773,0,0.573773
328,57.3379,0,0.573379
329,57.2866,0,0.572866
330,57.2308,0,0.572308
331,57.1641,0,0.571641
332,57.0976,0,0.570976
333,57.0311,0,0.570311
334,56.9531,0,0.569531
335,56.8703,0,0.568703
336,56.7802,0,0.567802
337,56.6889,0,0.566889
338,56.5913,0,0.565913
339,56.4907,0,0.564907
340,56.3764,0,0.563764
341,56.2615,0,0.562615
342,56.1405,0,0.561405
343,56.0083,0,0.560083
344,55.8652,0,0.558652
345,55.709,0,0.55709
346,55.5443,0,0.555443
347,55.3635,0,0.553635
348,55.1764,0,0.551764
349,54.958,0,0.54958
350,54.7273,0,0.547273
351,54.4686,0,0.544686
352,54.2046,0,0.542046
353,53.8923,0,0.538923
354,53.5705,0,0.535705
355,53.2172,0,0.532172
356,52.859,0,0.52859
357,52.4635,0,0.524635
358,52.0529,0,0.520529
359,51.6444,0,0.516444
360,51.2383,0,0.512383
361,50.8732,0,0.508732
362,50.5267,0,0.505267
363,50.2416,0,0.502416
364,50.0102,0,0.500102
365,49.816,0,0.49816
366,49.7226,0,0.497226
367,49.6398,0,0.496398
368,49.6867,0,0.496867
369,49.7054,0,0.497054
370,49.8546,0,0.498546
371,49.9774,0,0.499774
372,50.1834,0,0.501834
373,50.3941,0,0.503941
374,50.6446,0,0.506446
375,50.9219,0,0.509219
376,51.2038,0,0.512038
377,51.5189,0,0.515189
378,51.8266,0,0.518266
379,52.1384,0,0.521384
380,52.4472,0,0.524472
381,52.7456,0,0.527456
382,53.0398,0,0.530398
383,53.3335,0,0.533335
384,53.628,0,0.53628
385,53.9231,0,0.539231
386,54.1742,0,0.541742
387,54.4264,0,0.544264
388,54.675,0,0.54675
389,54.9203,0,0.549203
390,55.164,0,0.55164
391,55.3829,0,0.553829
392,55.6032,0,0.556032
393,55.8135,0,0.558135
394,56.0177,0,0.560177
395,56.2214,0,0.562214
396,56.4098,0,0.564098
397,56.5996,0,0.565996
398,56.7782,0,0.567782
399,56.95,0,0.5695
400,57.1231,0,0.571231
401,57.287,0,0.57287
402,57.4519,0,0.574519
403,57.6067,0,0.576067
404,57.7512,0,0.577512
405,57.8966,0,0.578966
406,58.0473,0,0.580473
407,58.2002,0,0.582002
408,58.3494,0,0.583494
409,58.4799,0,0.584799
410,58.6112,0,0.586112
411,58.7368,0,0.587368
412,58.8565,0,0.588565
413,58.9769,0,0.589769
414,59.0933,0,0.590933
415,59.2084,0,0.592084
416,59.3243,0,0.593243
417,59.4353,0,0.594353
418,59.5463,0,0.595463
419,59.6568,0,0.596568
420,59.7566,0,0.597566
421,59.8569,0,0.598569
422,59.9549,0,0.599549
423,60.0465,0,0.600465
424,60.1386,0,0.601386
425,60.2319,0,0.602319
426,60.327,0,0.60327
427,60.4226,0,0.604226
428,60.5128,0,0.605128
429,60.5976,0,0.605976
430,60.6829,0,0.606829
431,60.7675,0,0.607675
432,60.8513,0,0.608513
433,60.9355,0,0.609355
434,61.0171,0,0.610171
435,61.096,0,0.61096
436,61.1754,0,0.611754
437,61.2512,0,0.612512
438,61.3215,0,0.613215
439,61.3921,0,0.613921
440,61.4628,0,0.614628
441,61.5333,0,0.615333
442,61.6042,0,0.616042
443,61.6727,0,0.616727
444,61.7306,0,0.617306
445,61.7887,0,0.617887
446,61.8471,0,0.618471
447,61.9157,0,0.619157
448,61.9847,0,0.619847
449,62.0541,0,0.620541
450,62.1112,0,0.621112
451,62.1661,0,0.621661
452,62.2212,0,0.622212
453,62.279,0,0.62279
454,62.3397,0,0.623397
455,62.4008,0,0.624008
456,62.4613,0,0.624613
457,62.5187,0,0.625187
458,62.5765,0,0.625765
459,62.6345,0,0.626345
460,62.6899,0,0.626899
461,62.7448,0,0.627448
462,62.8,0,0.628
463,62.856,0,0.62856
464,62.913,0,0.62913
465,62.9703,0,0.629703
466,63.0279,0,0.630279
467,63.0695,0,0.630695
468,63.1094,0,0.631094
469,63.1495,0,0.631495
470,63.1938,0,0.631938
471,63.2445,0,0.632445
472,63.2954,0,0.632954
473,63.3466,0,0.633466
474,63.3754,0,0.633754
475,63.3987,0,0.633987
476,63.4218,0,0.634218
477,63.4472,0,0.634472
478,63.4929,0,0.634929
479,63.5388,0,0.635388
480,63.585,0,0.63585
481,63.6273,0,0.636273
482,63.6636,0,0.636636
483,63.7001,0,0.637001
484,63.7367,0,0.637367
485,63.7736,0,0.637736
486,63.8107,0,0.638107
487,63.848,0,0.63848
488,63.8854,0,0.638854
489,63.9228,0,0.639228
490,63.9603,0,0.639603
491,63.998,0,0.63998
492,64.0359,0.0001,0.640358
493,64.0707,0.0001,0.640706
494,64.1056,0.0001,0.641055
495,64.1407,0.0001,0.641406
496,64.1759,0.0001,0.641758
497,64.21,0.0001,0.642099
498,64.2443,0.0001,0.642442
499,64.2787,0.0001,0.642786
500,64.3126,0.0001,0.643125
501,64.341,0.0002,0.643408
502,64.3695,0.0003,0.643692
503,64.3981,0.0004,0.643977
504,64.4268,0.0005,0.644263
505,64.4644,0.0004,0.64464
506,64.5021,0.0003,0.645018
507,64.5399,0.0002,0.645397
508,64.5779,0.0002,0.645777
509,64.6032,0.0003,0.646029
510,64.6273,0.0005,0.646268
511,64.6514,0.0009,0.646505
512,64.6757,0.0014,0.646743
513,64.7035,0.0017,0.647018
514,64.733,0.0017,0.647313
515,64.7626,0.0018,0.647608
516,64.7923,0.0018,0.647905
517,64.8205,0.0019,0.648186
518,64.8465,0.0023,0.648442
519,64.8726,0.0028,0.648698
520,64.8987,0.0033,0.648954
521,64.9249,0.0039,0.64921
522,64.9501,0.0045,0.649456
523,64.9755,0.0051,0.649704
524,65.0009,0.0058,0.649951
525,65.0264,0.0066,0.650198
526,65.0489,0.0088,0.650401
527,65.0694,0.013,0.650564
528,65.0899,0.0192,0.650707
529,65.1105,0.0282,0.650823
530,65.132,0.0396,0.650924
531,65.1605,0.0373,0.651232
532,65.1892,0.0352,0.65154
533,65.218,0.0331,0.651849
534,65.2468,0.0313,0.652155
535,65.2728,0.0289,0.652439
536,65.2968,0.0264,0.652704
537,65.321,0.0242,0.652968
538,65.3452,0.0221,0.653231
539,65.3695,0.0202,0.653493
540,65.391,0.023,0.65368
541,65.4123,0.0268,0.653855
542,65.4337,0.0313,0.654024
543,65.4552,0.0364,0.654188
544,65.477,0.0412,0.654358
545,65.4998,0.0418,0.65458
546,65.5226,0.0424,0.654802
547,65.5456,0.0429,0.655027
548,65.5687,0.0435,0.655252
549,65.5887,0.0516,0.655371
550,65.6041,0.0774,0.655267
551,65.6196,0.1158,0.655038
552,65.6351,0.1731,0.65462
553,65.6507,0.2584,0.653923
554,65.6701,0.2883,0.653818
555,65.6933,0.2407,0.654526
556,65.7165,0.2012,0.655153
557,65.7398,0.1682,0.655716
558,65.7631,0.1408,0.656223
559,65.7828,0.1421,0.656407
560,65.7987,0.1728,0.656259
561,65.8148,0.2101,0.656047
562,65.8309,0.2552,0.655757
563,65.847,0.3098,0.655372
564,65.8654,0.3408,0.655246
565,65.8869,0.3237,0.655632
566,65.9085,0.3075,0.65601
567,65.9302,0.2921,0.656381
568,65.952,0.2776,0.656744
569,65.9717,0.2783,0.656934
570,65.9865,0.3157,0.656708
571,66.0014,0.358,0.656434
572,66.0163,0.4058,0.656105
573,66.0313,0.4597,0.655716
574,66.0464,0.5206,0.655258
575,66.0632,0.5717,0.654915
576,66.0801,0.6276,0.654525
577,66.0971,0.6887,0.654084
578,66.1141,0.7555,0.653586
579,66.1312,0.8285,0.653027
580,66.1487,0.821,0.653277
581,66.1667,0.7606,0.654061
582,66.1846,0.7048,0.654798
583,66.2026,0.6533,0.655493
584,66.2207,0.6057,0.65615
585,66.2385,0.5712,0.656673
586,66.2546,0.5759,0.656787
587,66.2708,0.5806,0.656902
588,66.287,0.5854,0.657016
589,66.3033,0.5902,0.657131
590,66.3196,0.595,0.657246
591,66.3341,0.6287,0.657054
592,66.3474,0.6852,0.656622
593,66.3607,0.7467,0.65614
594,66.3741,0.8133,0.655608
595,66.3875,0.8857,0.655018
596,66.4009,0.9643,0.654366
597,66.4145,1.0246,0.653899
598,66.4281,1.0855,0.653426
599,66.4417,1.1498,0.652919
600,66.4554,1.2177,0.652377
601,66.4693,1.2894,0.651799
602,66.4832,1.3582,0.65125
603,66.496,1.367,0.65129
604,66.5088,1.3759,0.651329
605,66.5217,1.3848,0.651369
606,66.5346,1.3937,0.651409
607,66.5476,1.4026,0.65145
608,66.5608,1.4184,0.651424
609,66.5748,1.4623,0.651125
610,66.5888,1.5074,0.650814
611,66.6028,1.5537,0.650491
612,66.6169,1.6013,0.650156
613,66.6311,1.6502,0.649809
614,66.6448,1.7083,0.649365
615,66.6568,1.801,0.648558
616,66.6689,1.8985,0.647704
617,66.6809,2.0009,0.6468
618,66.6931,2.1085,0.645846
619,66.7052,2.2215,0.644837
620,66.7176,2.3294,0.643882
621,66.7315,2.3421,0.643894
622,66.7454,2.3549,0.643905
623,66.7593,2.3678,0.643915
624,66.7733,2.3806,0.643927
625,66.7874,2.3935,0.643939
626,66.8015,2.4065,0.64395
627,66.8121,2.55,0.642621
628,66.822,2.7372,0.640848
629,66.8319,2.9375,0.638944
630,66.8418,3.1518,0.6369
631,66.8518,3.381,0.634708
632,66.8617,3.6261,0.632356
633,66.8725,3.8207,0.630518
634,66.8845,3.9209,0.629636
635,66.8965,4.0235,0.62873
636,66.9086,4.1284,0.627802
637,66.9207,4.2357,0.62685
638,66.9328,4.3455,0.625873
639,66.945,4.4578,0.624872
640,66.9567,4.5699,0.623868
641,66.9684,4.6843,0.622841
642,66.9801,4.8011,0.62179
643,66.9919,4.9205,0.620714
644,67.0038,5.0425,0.619613
645,67.0156,5.1672,0.618484
646,67.0272,5.2941,0.617331
647,67.0374,5.4224,0.61615
648,67.0477,5.5533,0.614944
649,67.058,5.687,0.61371
650,67.0684,5.8235,0.612449
651,67.0787,5.9628,0.611159
652,67.0891,6.1051,0.60984
653,67.0991,6.2008,0.608983
654,67.1082,6.2231,0.608851
655,67.1174,6.2455,0.608719
656,67.1266,6.2679,0.608587
657,67.1358,6.2903,0.608455
658,67.1451,6.3128,0.608323
659,67.1544,6.3352,0.608192
660,67.1641,6.4178,0.607463
661,67.1741,6.5627,0.606114
662,67.1842,6.7104,0.604738
663,67.1943,6.861,0.603333
664,67.2044,7.0145,0.601899
665,67.2146,7.171,0.600436
666,67.2248,7.3305,0.598943
667,67.2349,7.4924,0.597425
668,67.245,7.6561,0.595889
669,67.255,7.8229,0.594321
670,67.2651,7.9928,0.592723
671,67.2753,8.166,0.591093
672,67.2854,8.3424,0.58943
673,67.2956,8.5221,0.587735
674,67.3055,8.7043,0.586012
675,67.314,8.8859,0.584281
676,67.3226,9.0709,0.582517
677,67.3311,9.2592,0.580719
678,67.3397,9.4509,0.578888
679,67.3484,9.646,0.577024
680,67.357,9.8445,0.575125
681,67.3657,10.0466,0.573191
682,67.3733,10.1094,0.572639
683,67.3807,10.1368,0.572439
684,67.3881,10.1642,0.572239
685,67.3955,10.1915,0.57204
686,67.4029,10.2189,0.57184
687,67.4104,10.2464,0.57164
688,67.4179,10.2738,0.571441
689,67.4254,10.3012,0.571242
690,67.4327,10.3285,0.571042
691,67.4401,10.3559,0.570842
692,67.4476,10.3833,0.570643
693,67.455,10.4107,0.570443
694,67.4625,10.4381,0.570244
695,67.47,10.4655,0.570045
696,67.4775,10.4929,0.569846
697,67.4847,10.6039,0.568808
698,67.4916,10.8009,0.566907
699,67.4985,11.0011,0.564974
700,67.5054,11.2043,0.563011
701,67.5124,11.4109,0.561015
702,67.5194,11.6206,0.558988
703,67.5265,11.8337,0.556928
704,67.5335,12.0501,0.554834
705,67.5411,12.2688,0.552723
706,67.5493,12.49,0.550593
707,67.5576,12.7145,0.548431
708,67.5658,12.9426,0.546232
709,67.5741,13.1741,0.544
710,67.5824,13.4091,0.541733
711,67.5907,13.6478,0.539429
712,67.599,13.8901,0.537089
713,67.6059,14.0489,0.53557
714,67.6108,14.0782,0.535326
715,67.6156,14.1074,0.535082
716,67.6205,14.1367,0.534838
717,67.6253,14.1659,0.534594
718,67.6302,14.1951,0.534351
719,67.6351,14.2244,0.534107
720,67.6401,14.2536,0.533865
721,67.6454,14.3243,0.533211
722,67.6522,14.5633,0.530889
723,67.659,14.8057,0.528533
724,67.6658,15.0515,0.526143
725,67.6726,15.3008,0.523718
726,67.6795,15.5536,0.521259
727,67.6864,15.81,0.518764
728,67.6933,16.07,0.516233
729,67.7002,16.3336,0.513666
730,67.7055,16.4344,0.512711
731,67.7102,16.4643,0.512459
732,67.7148,16.4943,0.512205
733,67.7195,16.5242,0.511953
734,67.7242,16.5542,0.5117
735,67.7289,16.5841,0.511448
736,67.7336,16.614,0.511196
737,67.7384,16.6438,0.510946
738,67.7431,16.6737,0.510694
739,67.7497,16.932,0.508177
740,67.7564,17.1936,0.505628
741,67.763,17.4587,0.503043
742,67.7697,17.7272,0.500425
743,67.7764,17.9993,0.497771
744,67.7831,18.2749,0.495082
745,67.7899,18.554,0.492359
746,67.7966,18.8368,0.489598
747,67.8033,19.0976,0.487057
748,67.8089,19.1285,0.486804
749,67.8146,19.1593,0.486553
750,67.8203,19.1902,0.486301
751,67.8261,19.221,0.486051
752,67.8318,19.2518,0.4858
753,67.8375,19.2826,0.485549
754,67.8433,19.3134,0.485299
755,67.8491,19.3441,0.48505
756,67.8549,19.3748,0.484801
757,67.8592,19.6526,0.482066
758,67.8636,19.9338,0.479298
759,67.8679,20.2184,0.476495
760,67.8723,20.5064,0.473659
761,67.8767,20.7978,0.470789
762,67.8811,21.0928,0.467883
763,67.8855,21.3914,0.464941
764,67.8899,21.6935,0.461964
765,67.8943,21.9992,0.458951
766,67.8988,22.1128,0.45786
767,67.9032,22.1429,0.457603
768,67.9077,22.173,0.457347
769,67.9122,22.2032,0.45709
770,67.9166,22.2332,0.456834
771,67.9211,22.2633,0.456578
772,67.9256,22.2933,0.456323
773,67.9302,22.3233,0.456069
774,67.9347,22.3533,0.455814
775,67.9394,22.4099,0.455295
776,67.9457,22.7073,0.452384
777,67.952,23.008,0.44944
778,67.9583,23.3121,0.446462
779,67.9647,23.6196,0.443451
780,67.971,23.9305,0.440405
781,67.9774,24.2449,0.437325
782,67.9837,24.5628,0.434209
783,67.9901,24.8842,0.431059
784,67.9965,25.2092,0.427873
785,68.0026,25.4479,0.425547
786,68.008,25.478,0.4253
787,68.0133,25.5081,0.425052
788,68.0187,25.5382,0.424805
789,68.0241,25.5683,0.424558
790,68.0294,25.5983,0.424311
791,68.0348,25.6283,0.424065
792,68.0403,25.6583,0.42382
793,68.0457,25.6882,0.423575
794,68.0511,25.7182,0.423329
795,68.0567,25.805,0.422517
796,68.0628,26.1214,0.419414
797,68.069,26.4411,0.416279
798,68.0751,26.7641,0.41311
799,68.0813,27.0904,0.409909
800,68.0874,27.4201,0.406673
801,68.0936,27.7533,0.403403
802,68.0998,28.0898,0.4001
803,68.1061,28.4298,0.396763
804,68.1123,28.7733,0.39339
805,68.1186,29.1204,0.389982
806,68.123,29.1807,0.389423
807,68.1273,29.2089,0.389184
808,68.1316,29.2371,0.388945
809,68.1359,29.2652,0.388707
810,68.1402,29.2934,0.388468
811,68.1445,29.3215,0.38823
812,68.1488,29.3495,0.387993
813,68.1532,29.3776,0.387756
814,68.1575,29.4056,0.387519
815,68.1619,29.4336,0.387283
816,68.1665,29.5522,0.386143
817,68.1714,29.8842,0.382872
818,68.1764,30.2193,0.379571
819,68.1814,30.5577,0.376237
820,68.1864,30.8992,0.372872
821,68.1914,31.244,0.369474
822,68.1964,31.5921,0.366043
823,68.2015,31.9434,0.362581
824,68.2065,32.2981,0.359084
825,68.2116,32.6561,0.355555
826,68.2166,33.0175,0.351991
827,68.2206,33.285,0.349356
828,68.2229,33.4078,0.348151
829,68.2252,33.5307,0.346945
830,68.2276,33.6538,0.345738
831,68.2299,33.7772,0.344527
832,68.2322,33.9007,0.343315
833,68.2346,34.0244,0.342102
834,68.237,34.1484,0.340886
835,68.2393,34.2725,0.339668
836,68.2417,34.3968,0.338449
837,68.2441,34.5213,0.337228
838,68.2465,34.646,0.336005
839,68.2489,34.771,0.334779
840,68.2514,34.8961,0.333553
841,68.2538,35.0214,0.332324
842,68.2562,35.1469,0.331093
843,68.2587,35.2726,0.329861
844,68.2611,35.3984,0.328627
845,68.2636,35.5245,0.327391
846,68.2661,35.6508,0.326153
847,68.2686,35.7773,0.324913
848,68.271,35.9039,0.323671
849,68.2735,36.0308,0.322427
850,68.2761,36.1579,0.321182
851,68.2786,36.2851,0.319935
852,68.2811,36.4125,0.318686
853,68.2836,36.5402,0.317434
854,68.2862,36.668,0.316182
855,68.2887,36.796,0.314927
856,68.2913,36.9243,0.31367
857,68.2938,37.0527,0.312411
858,68.2964,37.1813,0.311151
859,68.299,37.3101,0.309889
860,68.3016,37.4391,0.308625
861,68.3042,37.5683,0.307359
862,68.3068,37.6976,0.306092
863,68.3094,37.8272,0.304822
864,68.312,37.957,0.30355
865,68.3147,38.0869,0.302278
866,68.3173,38.2171,0.301002
867,68.32,38.3474,0.299726
868,68.3226,38.478,0.298446
869,68.3253,38.6087,0.297166
870,68.3279,38.7396,0.295883
871,68.3306,38.8707,0.294599
872,68.3333,39.0021,0.293312
873,68.336,39.1336,0.292024
874,68.3387,39.2652,0.290735
875,68.3414,39.3971,0.289443
876,68.3441,39.5292,0.288149
877,68.3469,39.6615,0.286854
878,68.3496,39.7939,0.285557
879,68.3523,39.9266,0.284257
880,68.3551,40.0594,0.282957
881,68.3578,40.1925,0.281653
882,68.3606,40.3257,0.280349
883,68.3634,40.4591,0.279043
884,68.3661,40.5927,0.277734
885,68.3689,40.7265,0.276424
886,68.3717,40.8605,0.275112
887,68.3745,40.9947,0.273798
888,68.3773,41.129,0.272483
889,68.3801,41.2636,0.271165
890,68.383,41.3983,0.269847
891,68.3858,41.5333,0.268525
892,68.3886,41.6684,0.267202
893,68.3915,41.8037,0.265878
894,68.3943,41.9393,0.26455
895,68.3972,42.075,0.263222
896,68.4,42.2109,0.261891
897,68.4029,42.3471,0.260558
898,68.4058,42.4834,0.259224
899,68.4087,42.6199,0.257888
900,68.4116,42.7566,0.25655
901,68.4145,42.8935,0.25521
902,68.4174,43.0306,0.253868
903,68.4203,43.1679,0.252524
904,68.4232,43.3054,0.251178
905,68.4262,43.443,0.249832
906,68.4291,43.5809,0.248482
907,68.432,43.7189,0.247131
908,68.435,43.8572,0.245778
909,68.438,43.9956,0.244424
910,68.4409,44.1342,0.243067
911,68.4439,44.273,0.241709
912,68.4469,44.412,0.240349
913,68.4499,44.5512,0.238987
914,68.4529,44.6905,0.237624
915,68.4559,44.8301,0.236258
916,68.4589,44.9698,0.234891
917,68.4619,45.1098,0.233521
918,68.4649,45.2499,0.23215
919,68.4679,45.3902,0.230777
920,68.471,45.5307,0.229403
921,68.474,45.6714,0.228026
922,68.4771,45.8123,0.226648
923,68.4801,45.9534,0.225267
924,68.4832,46.0946,0.223886
925,68.4862,46.2361,0.222501
926,68.4893,46.3777,0.221116
927,68.4924,46.5195,0.219729
928,68.4954,46.6616,0.218338
929,68.4985,46.8038,0.216947
930,68.5016,46.9462,0.215554
931,68.5047,47.0887,0.21416
932,68.5078,47.2315,0.212763
933,68.5109,47.3745,0.211364
934,68.5141,47.5176,0.209965
935,68.5172,47.661,0.208562
936,68.5203,47.8045,0.207158
937,68.5235,47.9482,0.205753
938,68.5266,48.0921,0.204345
939,68.5297,48.2362,0.202935
940,68.5329,48.3805,0.201524
941,68.5361,48.5249,0.200112
942,68.5392,48.6696,0.198696
943,68.5424,48.8144,0.19728
944,68.5456,48.9595,0.195861
945,68.5488,49.1047,0.194441
946,68.5519,49.2501,0.193018
947,68.5551,49.3957,0.191594
948,68.5583,49.5415,0.190168
949,68.5615,49.6875,0.18874
950,68.5647,49.8336,0.187311
951,68.568,49.98,0.18588
952,68.5712,50.1265,0.184447
953,68.5744,50.2733,0.183011
954,68.5776,50.4202,0.181574
955,68.5809,50.5673,0.180136
956,68.5841,50.7146,0.178695
957,68.5874,50.8621,0.177253
958,68.5906,51.0097,0.175809
959,68.5939,51.1576,0.174363
960,68.5972,51.3056,0.172916
961,68.6004,51.4539,0.171465
962,68.6037,51.6023,0.170014
963,68.607,51.7509,0.168561
964,68.6103,51.8997,0.167106
965,68.6136,52.0487,0.165649
966,68.6169,52.1979,0.16419
967,68.6202,52.3472,0.16273
968,68.6235,52.4968,0.161267
969,68.6268,52.6465,0.159803
970,68.6301,52.7964,0.158337
971,68.6334,52.9465,0.156869
972,68.6368,53.0968,0.1554
973,68.6401,53.2473,0.153928
974,68.6434,53.398,0.152454
975,68.6468,53.5489,0.150979
976,68.6501,53.6999,0.149502
977,68.6535,53.8512,0.148023
978,68.6568,54.0026,0.146542
979,68.6602,54.1542,0.14506
980,68.6636,54.306,0.143576
981,68.667,54.458,0.14209
982,68.6703,54.6102,0.140601
983,68.6737,54.7626,0.139111
984,68.6771,54.9152,0.137619
985,68.6805,55.0679,0.136126
986,68.6839,55.2208,0.134631
987,68.6873,55.374,0.133133
988,68.6907,55.5273,0.131634
989,68.6941,55.6808,0.130133
990,68.6976,55.8345,0.128631
991,68.701,55.9884,0.127126
992,68.7044,56.1424,0.12562
993,68.7078,56.2967,0.124111
994,68.7113,56.4511,0.122602
995,68.7147,56.6058,0.121089
996,68.7182,56.7606,0.119576
997,68.7216,56.9156,0.11806
998,68.7251,57.0708,0.116543
999,68.7285,57.2262,0.115023
1000,68.732,57.3817,0.113503
1001,68.7355,57.404,0.113315
1002,68.739,57.4262,0.113128
1003,68.7424,57.4485,0.112939
1004,68.7459,57.4707,0.112752
1005,68.7494,57.4928,0.112566
1006,68.7529,57.515,0.112379
1007,68.7564,57.5371,0.112193
1008,68.7599,57.5592,0.112007
1009,68.7634,57.5813,0.111821
1010,68.7669,57.6033,0.111636
1011,68.7704,57.6254,0.11145
1012,68.774,57.6474,0.111266
1013,68.7775,57.6694,0.111081
1014,68.781,57.6913,0.110897
1015,68.7846,57.7133,0.110713
1016,68.7881,57.7352,0.110529
1017,68.7916,57.7571,0.110345
1018,68.7952,57.779,0.110162
1019,68.7987,57.8008,0.109979
1020,68.8023,57.8227,0.109796
1021,68.8059,57.8445,0.109614
1022,68.8094,57.8663,0.109431
1023,68.813,57.888,0.10925
1024,68.8166,57.9098,0.109068
1025,68.8202,57.9315,0.108887
1026,68.8237,57.9532,0.108705
1027,68.8273,57.9749,0.108524
1028,68.8309,57.9965,0.108344
1029,68.8345,58.0182,0.108163
1030,68.8381,58.0398,0.107983
1031,68.8417,58.0614,0.107803
1032,68.8453,58.0829,0.107624
1033,68.849,58.1045,0.107445
1034,68.8526,58.126,0.107266
1035,68.8562,58.1475,0.107087
1036,68.8598,58.169,0.106908
1037,68.8635,58.1905,0.10673
1038,68.8671,58.2119,0.106552
1039,68.8707,58.2333,0.106374
1040,68.8744,58.2547,0.106197
1041,68.878,58.2761,0.106019
1042,68.8817,58.2975,0.105842
1043,68.8853,58.3188,0.105665
1044,68.889,58.3401,0.105489
1045,68.8927,58.3614,0.105313
1046,68.8963,58.3827,0.105136
1047,68.9,58.4039,0.104961
1048,68.9037,58.4252,0.104785
1049,68.9074,58.4464,0.10461
1050,68.911,58.4676,0.104434
1051,68.9147,58.4887,0.10426
1052,68.9184,58.5099,0.104085
1053,68.9221,58.531,0.103911
1054,68.9258,58.5521,0.103737
1055,68.9295,58.5732,0.103563
1056,68.9332,58.5943,0.103389
1057,68.9369,58.6153,0.103216
1058,68.9407,58.6363,0.103044
1059,68.9444,58.6573,0.102871
1060,68.9481,58.6783,0.102698
1061,68.9518,58.6993,0.102525
1062,68.9556,58.7202,0.102354
1063,68.9593,58.7412,0.102181
1064,68.963,58.7621,0.102009
1065,68.9668,58.7829,0.101839
1066,68.9705,58.8038,0.101667
1067,68.9743,58.8247,0.101496
1068,68.978,58.8455,0.101325
1069,68.9818,58.8663,0.101155
1070,68.9856,58.8871,0.100985
1071,68.9893,58.9078,0.100815
1072,68.9931,58.9286,0.100645
1073,68.9969,58.9493,0.100476
1074,69.0006,58.97,0.100306
1075,69.0044,58.9907,0.100137
1076,69.0082,59.0114,0.099968
1077,69.012,59.032,0.0998
1078,69.0158,59.0527,0.099631
1079,69.0196,59.0733,0.099463
1080,69.0234,59.0939,0.099295
1081,69.0272,59.1144,0.099128
1082,69.031,59.135,0.09896
1083,69.0348,59.1555,0.098793
1084,69.0386,59.176,0.098626
1085,69.0424,59.1966,0.098458
1086,69.0463,59.2171,0.098292
1087,69.0501,59.2375,0.098126
1088,69.0539,59.258,0.097959
1089,69.0578,59.2784,0.097794
1090,69.0616,59.2988,0.097628
1091,69.0654,59.3192,0.097462
1092,69.0693,59.3396,0.097297
1093,69.0731,59.36,0.097131
1094,69.077,59.3803,0.096967
1095,69.0808,59.4007,0.096801
1096,69.0847,59.421,0.096637
1097,69.0885,59.4412,0.096473
1098,69.0924,59.4615,0.096309
1099,69.0963,59.4818,0.096145
1100,69.1001,59.502,0.095981