"Case 6: 36 layer bluer dichroic with modified AOI NUV filter on same element, bluer FUV filter",,
nm,Detector + Filter,%
100,0.0024,0.000024
101,0.0033,0.000033
102,0.0078,0.000078
103,0.0162,0.000162
104,0.029,0.00029
105,0.0504,0.000504
106,0.085,0.00085
107,0.1273,0.001273
108,0.155,0.00155
109,0.1858,0.001858
110,0.2191,0.002191
111,0.1847,0.001847
112,0.1612,0.001612
113,0.1467,0.001467
114,0.1379,0.001379
115,0.1352,0.001352
116,0.1396,0.001396
117,0.1477,0.001477
118,0.1585,0.001585
119,0.1733,0.001733
120,0.193,0.00193
121,0.2183,0.002183
122,0.2546,0.002546
123,0.3093,0.003093
124,0.387,0.00387
125,0.5005,0.005005
126,0.6674,0.006674
127,0.9197,0.009197
128,1.3138,0.013138
129,1.9476,0.019476
130,2.9978,0.029978
131,4.7882,0.047882
132,7.8777,0.078777
133,13.0789,0.130789
134,18.6287,0.186287
135,21.6169,0.216169
136,24.8009,0.248009
137,28.0624,0.280624
138,31.2591,0.312591
139,34.2542,0.342542
140,36.9166,0.369166
141,39.211,0.39211
142,41.0783,0.410783
143,42.5367,0.425367
144,43.6682,0.436682
145,44.5031,0.445031
146,45.003,0.45003
147,45.323,0.45323
148,45.5042,0.455042
149,45.5766,0.455766
150,45.5586,0.455586
151,45.4581,0.454581
152,45.25,0.4525
153,44.9027,0.449027
154,44.3955,0.443955
155,43.0326,0.430326
156,40.5179,0.405179
157,37.386,0.37386
158,33.8534,0.338534
159,30.1912,0.301912
160,26.6506,0.266506
161,23.6038,0.236038
162,21.6924,0.216924
163,19.9464,0.199464
164,18.3659,0.183659
165,16.9413,0.169413
166,15.6609,0.156609
167,14.5162,0.145162
168,13.4901,0.134901
169,12.5679,0.125679
170,11.7373,0.117373
171,10.9971,0.109971
172,10.3314,0.103314
173,9.7219,0.097219
174,9.1612,0.091612
175,8.6416,0.086416
176,8.1649,0.081649
177,7.7177,0.077177
178,7.3052,0.073052
179,6.9144,0.069144
180,6.541,0.06541
181,6.1881,0.061881
182,5.8472,0.058472
183,5.5169,0.055169
184,5.1975,0.051975
185,4.8896,0.048896
186,4.5911,0.045911
187,4.3019,0.043019
188,4.0226,0.040226
189,3.7534,0.037534
190,3.495,0.03495
191,3.2475,0.032475
192,3.0113,0.030113
193,2.7871,0.027871
194,2.5754,0.025754
195,2.3761,0.023761
196,2.1871,0.021871
197,2.0107,0.020107
198,1.8466,0.018466
199,1.6951,0.016951
200,1.5552,0.015552
201,1.4383,0.014383
202,1.3299,0.013299
203,1.2297,0.012297
204,1.1372,0.011372
205,1.0518,0.010518
206,0.9735,0.009735
207,0.9015,0.009015
208,0.8356,0.008356
209,0.7737,0.007737
210,0.7177,0.007177
211,0.6651,0.006651
212,0.6172,0.006172
213,0.5726,0.005726
214,0.5318,0.005318
215,0.4945,0.004945
216,0.461,0.00461
217,0.4293,0.004293
218,0.3999,0.003999
219,0.3734,0.003734
220,0.3492,0.003492
221,0.3269,0.003269
222,0.3069,0.003069
223,0.2882,0.002882
224,0.2716,0.002716
225,0.2562,0.002562
226,0.242,0.00242
227,0.2294,0.002294
228,0.2184,0.002184
229,0.2092,0.002092
230,0.2008,0.002008
231,0.1931,0.001931
232,0.1857,0.001857
233,0.1785,0.001785
234,0.1713,0.001713
235,0.164,0.00164
236,0.1566,0.001566
237,0.1492,0.001492
238,0.1418,0.001418
239,0.1346,0.001346
240,0.1276,0.001276
241,0.1209,0.001209
242,0.1143,0.001143
243,0.108,0.00108
244,0.1023,0.001023
245,0.0966,0.000966
246,0.0914,0.000914
247,0.0866,0.000866
248,0.0819,0.000819
249,0.0775,0.000775
250,0.0734,0.000734
251,0.0694,0.000694
252,0.0658,0.000658
253,0.0623,0.000623
254,0.0592,0.000592
255,0.0561,0.000561
256,0.0533,0.000533
257,0.0506,0.000506
258,0.0481,0.000481
259,0.0457,0.000457
260,0.0435,0.000435
261,0.0414,0.000414
262,0.0394,0.000394
263,0.0376,0.000376
264,0.0359,0.000359
265,0.0342,0.000342
266,0.0327,0.000327
267,0.0313,0.000313
268,0.03,0.0003
269,0.0288,0.000288
270,0.0278,0.000278
271,0.0268,0.000268
272,0.026,0.00026
273,0.0253,0.000253
274,0.0246,0.000246
275,0.0241,0.000241
276,0.0236,0.000236
277,0.0231,0.000231
278,0.0227,0.000227
279,0.0223,0.000223
280,0.0219,0.000219
281,0.0216,0.000216
282,0.0212,0.000212
283,0.0209,0.000209
284,0.0206,0.000206
285,0.0204,0.000204
286,0.0201,0.000201
287,0.02,0.0002
288,0.02,0.0002
289,0.02,0.0002
290,0.0201,0.000201
291,0.0202,0.000202
292,0.0203,0.000203
293,0.0204,0.000204
294,0.0205,0.000205
295,0.0205,0.000205
296,0.0205,0.000205
297,0.0205,0.000205
298,0.0204,0.000204
299,0.0203,0.000203
300,0.0202,0.000202
301,0.0201,0.000201
302,0.0199,0.000199
303,0.0197,0.000197
304,0.0196,0.000196
305,0.0194,0.000194
306,0.0192,0.000192
307,0.0189,0.000189
308,0.0187,0.000187
309,0.0185,0.000185
310,0.0183,0.000183
311,0.018,0.00018
312,0.0178,0.000178
313,0.0176,0.000176
314,0.0174,0.000174
315,0.0171,0.000171
316,0.0169,0.000169
317,0.0167,0.000167
318,0.0164,0.000164
319,0.0162,0.000162
320,0.016,0.00016
321,0.0157,0.000157
322,0.0155,0.000155
323,0.0153,0.000153
324,0.0151,0.000151
325,0.0149,0.000149
326,0.0147,0.000147
327,0.0145,0.000145
328,0.0143,0.000143
329,0.0141,0.000141
330,0.0139,0.000139
331,0.0137,0.000137
332,0.0135,0.000135
333,0.0133,0.000133
334,0.0131,0.000131
335,0.013,0.00013
336,0.0128,0.000128
337,0.0126,0.000126
338,0.0124,0.000124
339,0.0122,0.000122
340,0.0121,0.000121
341,0.0119,0.000119
342,0.0117,0.000117
343,0.0116,0.000116
344,0.0114,0.000114
345,0.0112,0.000112
346,0.0111,0.000111
347,0.0109,0.000109
348,0.0108,0.000108
349,0.0106,0.000106
350,0.0105,0.000105
351,0.0103,0.000103
352,0.0101,0.000101
353,0.01,0.0001
354,0.0098,0.000098
355,0.0097,0.000097
356,0.0095,0.000095
357,0.0094,0.000094
358,0.0092,0.000092
359,0.0091,0.000091
360,0.0089,0.000089
361,0.0088,0.000088
362,0.0087,0.000087
363,0.0086,0.000086
364,0.0086,0.000086
365,0.0085,0.000085
366,0.0085,0.000085
367,0.0084,0.000084
368,0.0084,0.000084
369,0.0084,0.000084
370,0.0084,0.000084
371,0.0084,0.000084
372,0.0085,0.000085
373,0.0085,0.000085
374,0.0085,0.000085
375,0.0085,0.000085
376,0.0086,0.000086
377,0.0086,0.000086
378,0.0086,0.000086
379,0.0086,0.000086
380,0.0087,0.000087
381,0.0087,0.000087
382,0.0087,0.000087
383,0.0087,0.000087
384,0.0087,0.000087
385,0.0087,0.000087
386,0.0087,0.000087
387,0.0087,0.000087
388,0.0087,0.000087
389,0.0087,0.000087
390,0.0087,0.000087
391,0.0087,0.000087
392,0.0087,0.000087
393,0.0087,0.000087
394,0.0087,0.000087
395,0.0087,0.000087
396,0.0087,0.000087
397,0.0087,0.000087
398,0.0087,0.000087
399,0.0087,0.000087
400,0.0086,0.000086
401,0.0086,0.000086
402,0.0086,0.000086
403,0.0086,0.000086
404,0.0086,0.000086
405,0.0086,0.000086
406,0.0086,0.000086
407,0.0085,0.000085
408,0.0085,0.000085
409,0.0085,0.000085
410,0.0085,0.000085
411,0.0085,0.000085
412,0.0084,0.000084
413,0.0084,0.000084
414,0.0084,0.000084
415,0.0084,0.000084
416,0.0083,0.000083
417,0.0083,0.000083
418,0.0083,0.000083
419,0.0082,0.000082
420,0.0082,0.000082
421,0.0082,0.000082
422,0.0081,0.000081
423,0.0081,0.000081
424,0.0081,0.000081
425,0.008,0.00008
426,0.008,0.00008
427,0.008,0.00008
428,0.0079,0.000079
429,0.0079,0.000079
430,0.0079,0.000079
431,0.0079,0.000079
432,0.0078,0.000078
433,0.0078,0.000078
434,0.0078,0.000078
435,0.0077,0.000077
436,0.0077,0.000077
437,0.0077,0.000077
438,0.0076,0.000076
439,0.0076,0.000076
440,0.0076,0.000076
441,0.0075,0.000075
442,0.0075,0.000075
443,0.0075,0.000075
444,0.0074,0.000074
445,0.0074,0.000074
446,0.0074,0.000074
447,0.0074,0.000074
448,0.0073,0.000073
449,0.0073,0.000073
450,0.0073,0.000073
451,0.0073,0.000073
452,0.0072,0.000072
453,0.0072,0.000072
454,0.0072,0.000072
455,0.0072,0.000072
456,0.0071,0.000071
457,0.0071,0.000071
458,0.0071,0.000071
459,0.0071,0.000071
460,0.007,0.00007
461,0.007,0.00007
462,0.007,0.00007
463,0.007,0.00007
464,0.0069,0.000069
465,0.0069,0.000069
466,0.0069,0.000069
467,0.0069,0.000069
468,0.0068,0.000068
469,0.0068,0.000068
470,0.0068,0.000068
471,0.0068,0.000068
472,0.0067,0.000067
473,0.0067,0.000067
474,0.0067,0.000067
475,0.0067,0.000067
476,0.0067,0.000067
477,0.0066,0.000066
478,0.0066,0.000066
479,0.0066,0.000066
480,0.0066,0.000066
481,0.0066,0.000066
482,0.0066,0.000066
483,0.0065,0.000065
484,0.0065,0.000065
485,0.0065,0.000065
486,0.0065,0.000065
487,0.0065,0.000065
488,0.0065,0.000065
489,0.0064,0.000064
490,0.0064,0.000064
491,0.0064,0.000064
492,0.0064,0.000064
493,0.0064,0.000064
494,0.0063,0.000063
495,0.0063,0.000063
496,0.0063,0.000063
497,0.0063,0.000063
498,0.0063,0.000063
499,0.0063,0.000063
500,0.0062,0.000062
501,0.0062,0.000062
502,0.0062,0.000062
503,0.0062,0.000062
504,0.0062,0.000062
505,0.0062,0.000062
506,0.0061,0.000061
507,0.0061,0.000061
508,0.0061,0.000061
509,0.0061,0.000061
510,0.0061,0.000061
511,0.0061,0.000061
512,0.0061,0.000061
513,0.006,0.00006
514,0.006,0.00006
515,0.006,0.00006
516,0.006,0.00006
517,0.006,0.00006
518,0.006,0.00006
519,0.006,0.00006
520,0.0059,0.000059
521,0.0059,0.000059
522,0.0059,0.000059
523,0.0059,0.000059
524,0.0059,0.000059
525,0.0059,0.000059
526,0.0059,0.000059
527,0.0058,0.000058
528,0.0058,0.000058
529,0.0058,0.000058
530,0.0058,0.000058
531,0.0058,0.000058
532,0.0058,0.000058
533,0.0058,0.000058
534,0.0057,0.000057
535,0.0057,0.000057
536,0.0057,0.000057
537,0.0057,0.000057
538,0.0057,0.000057
539,0.0057,0.000057
540,0.0057,0.000057
541,0.0056,0.000056
542,0.0056,0.000056
543,0.0056,0.000056
544,0.0056,0.000056
545,0.0056,0.000056
546,0.0056,0.000056
547,0.0056,0.000056
548,0.0056,0.000056
549,0.0055,0.000055
550,0.0055,0.000055
551,0.0055,0.000055
552,0.0055,0.000055
553,0.0055,0.000055
554,0.0055,0.000055
555,0.0055,0.000055
556,0.0055,0.000055
557,0.0054,0.000054
558,0.0054,0.000054
559,0.0054,0.000054
560,0.0054,0.000054
561,0.0054,0.000054
562,0.0054,0.000054
563,0.0054,0.000054
564,0.0054,0.000054
565,0.0054,0.000054
566,0.0053,0.000053
567,0.0053,0.000053
568,0.0053,0.000053
569,0.0053,0.000053
570,0.0053,0.000053
571,0.0053,0.000053
572,0.0053,0.000053
573,0.0053,0.000053
574,0.0053,0.000053
575,0.0053,0.000053
576,0.0053,0.000053
577,0.0053,0.000053
578,0.0052,0.000052
579,0.0052,0.000052
580,0.0052,0.000052
581,0.0052,0.000052
582,0.0052,0.000052
583,0.0052,0.000052
584,0.0052,0.000052
585,0.0052,0.000052
586,0.0052,0.000052
587,0.0052,0.000052
588,0.0052,0.000052
589,0.0052,0.000052
590,0.0051,0.000051
591,0.0051,0.000051
592,0.0051,0.000051
593,0.0051,0.000051
594,0.0051,0.000051
595,0.0051,0.000051
596,0.0051,0.000051
597,0.0051,0.000051
598,0.0051,0.000051
599,0.0051,0.000051
600,0.0051,0.000051
601,0.0051,0.000051
602,0.0051,0.000051
603,0.005,0.00005
604,0.005,0.00005
605,0.005,0.00005
606,0.005,0.00005
607,0.005,0.00005
608,0.005,0.00005
609,0.005,0.00005
610,0.005,0.00005
611,0.005,0.00005
612,0.005,0.00005
613,0.005,0.00005
614,0.005,0.00005
615,0.005,0.00005
616,0.0049,0.000049
617,0.0049,0.000049
618,0.0049,0.000049
619,0.0049,0.000049
620,0.0049,0.000049
621,0.0049,0.000049
622,0.0049,0.000049
623,0.0049,0.000049
624,0.0049,0.000049
625,0.0049,0.000049
626,0.0049,0.000049
627,0.0049,0.000049
628,0.0049,0.000049
629,0.0049,0.000049
630,0.0049,0.000049
631,0.0049,0.000049
632,0.0049,0.000049
633,0.0049,0.000049
634,0.0049,0.000049
635,0.0049,0.000049
636,0.0049,0.000049
637,0.0049,0.000049
638,0.0049,0.000049
639,0.0049,0.000049
640,0.0049,0.000049
641,0.0049,0.000049
642,0.0049,0.000049
643,0.0049,0.000049
644,0.0049,0.000049
645,0.0049,0.000049
646,0.0048,0.000048
647,0.0048,0.000048
648,0.0048,0.000048
649,0.0048,0.000048
650,0.0048,0.000048
651,0.0048,0.000048
652,0.0048,0.000048
653,0.0048,0.000048
654,0.0048,0.000048
655,0.0048,0.000048
656,0.0048,0.000048
657,0.0049,0.000049
658,0.0049,0.000049
659,0.0049,0.000049
660,0.0049,0.000049
661,0.0049,0.000049
662,0.0049,0.000049
663,0.0049,0.000049
664,0.0049,0.000049
665,0.0049,0.000049
666,0.0049,0.000049
667,0.0049,0.000049
668,0.0049,0.000049
669,0.0049,0.000049
670,0.0049,0.000049
671,0.0049,0.000049
672,0.0049,0.000049
673,0.0049,0.000049
674,0.0049,0.000049
675,0.0049,0.000049
676,0.0049,0.000049
677,0.005,0.00005
678,0.005,0.00005
679,0.005,0.00005
680,0.005,0.00005
681,0.005,0.00005
682,0.005,0.00005
683,0.005,0.00005
684,0.005,0.00005
685,0.005,0.00005
686,0.005,0.00005
687,0.005,0.00005
688,0.005,0.00005
689,0.005,0.00005
690,0.005,0.00005
691,0.005,0.00005
692,0.005,0.00005
693,0.0051,0.000051
694,0.0051,0.000051
695,0.0051,0.000051
696,0.0051,0.000051
697,0.0051,0.000051
698,0.0051,0.000051
699,0.0051,0.000051
700,0.0051,0.000051
701,0.0052,0.000052
702,0.0052,0.000052
703,0.0052,0.000052
704,0.0052,0.000052
705,0.0052,0.000052
706,0.0052,0.000052
707,0.0052,0.000052
708,0.0053,0.000053
709,0.0053,0.000053
710,0.0053,0.000053
711,0.0053,0.000053
712,0.0053,0.000053
713,0.0053,0.000053
714,0.0053,0.000053
715,0.0053,0.000053
716,0.0054,0.000054
717,0.0054,0.000054
718,0.0054,0.000054
719,0.0054,0.000054
720,0.0054,0.000054
721,0.0054,0.000054
722,0.0054,0.000054
723,0.0054,0.000054
724,0.0055,0.000055
725,0.0055,0.000055
726,0.0055,0.000055
727,0.0055,0.000055
728,0.0055,0.000055
729,0.0055,0.000055
730,0.0055,0.000055
731,0.0056,0.000056
732,0.0056,0.000056
733,0.0057,0.000057
734,0.0057,0.000057
735,0.0057,0.000057
736,0.0058,0.000058
737,0.0058,0.000058
738,0.0059,0.000059
739,0.0059,0.000059
740,0.006,0.00006
741,0.006,0.00006
742,0.006,0.00006
743,0.0061,0.000061
744,0.0061,0.000061
745,0.0062,0.000062
746,0.0062,0.000062
747,0.0062,0.000062
748,0.0063,0.000063
749,0.0063,0.000063
750,0.0064,0.000064
751,0.0064,0.000064
752,0.0065,0.000065
753,0.0065,0.000065
754,0.0065,0.000065
755,0.0066,0.000066
756,0.0066,0.000066
757,0.0067,0.000067
758,0.0067,0.000067
759,0.0068,0.000068
760,0.0068,0.000068
761,0.0069,0.000069
762,0.0069,0.000069
763,0.0069,0.000069
764,0.007,0.00007
765,0.007,0.00007
766,0.0071,0.000071
767,0.0071,0.000071
768,0.0072,0.000072
769,0.0072,0.000072
770,0.0073,0.000073
771,0.0073,0.000073
772,0.0074,0.000074
773,0.0074,0.000074
774,0.0074,0.000074
775,0.0075,0.000075
776,0.0076,0.000076
777,0.0077,0.000077
778,0.0079,0.000079
779,0.008,0.00008
780,0.0081,0.000081
781,0.0083,0.000083
782,0.0084,0.000084
783,0.0085,0.000085
784,0.0087,0.000087
785,0.0088,0.000088
786,0.0089,0.000089
787,0.0091,0.000091
788,0.0092,0.000092
789,0.0094,0.000094
790,0.0095,0.000095
791,0.0097,0.000097
792,0.0098,0.000098
793,0.01,0.0001
794,0.0101,0.000101
795,0.0103,0.000103
796,0.0105,0.000105
797,0.0106,0.000106
798,0.0108,0.000108
799,0.011,0.00011
800,0.0112,0.000112
801,0.0114,0.000114
802,0.0116,0.000116
803,0.0118,0.000118
804,0.012,0.00012
805,0.0122,0.000122
806,0.0125,0.000125
807,0.0127,0.000127
808,0.0129,0.000129
809,0.0131,0.000131
810,0.0133,0.000133
811,0.0136,0.000136
812,0.0138,0.000138
813,0.014,0.00014
814,0.0143,0.000143
815,0.0145,0.000145
816,0.0148,0.000148
817,0.015,0.00015
818,0.0152,0.000152
819,0.0154,0.000154
820,0.0156,0.000156
821,0.0159,0.000159
822,0.0161,0.000161
823,0.0163,0.000163
824,0.0165,0.000165
825,0.0168,0.000168
826,0.017,0.00017
827,0.0173,0.000173
828,0.0175,0.000175
829,0.0177,0.000177
830,0.018,0.00018
831,0.0182,0.000182
832,0.0185,0.000185
833,0.0187,0.000187
834,0.019,0.00019
835,0.0193,0.000193
836,0.0195,0.000195
837,0.0198,0.000198
838,0.0201,0.000201
839,0.0203,0.000203
840,0.0206,0.000206
841,0.0209,0.000209
842,0.0211,0.000211
843,0.0214,0.000214
844,0.0217,0.000217
845,0.022,0.00022
846,0.0222,0.000222
847,0.0225,0.000225
848,0.0228,0.000228
849,0.0231,0.000231
850,0.0234,0.000234
851,0.0237,0.000237
852,0.024,0.00024
853,0.0243,0.000243
854,0.0246,0.000246
855,0.0249,0.000249
856,0.0252,0.000252
857,0.0255,0.000255
858,0.0259,0.000259
859,0.0262,0.000262
860,0.0265,0.000265
861,0.0268,0.000268
862,0.0272,0.000272
863,0.0275,0.000275
864,0.0278,0.000278
865,0.0282,0.000282
866,0.0285,0.000285
867,0.0289,0.000289
868,0.0292,0.000292
869,0.0296,0.000296
870,0.03,0.0003
871,0.0303,0.000303
872,0.0307,0.000307
873,0.0311,0.000311
874,0.0314,0.000314
875,0.0318,0.000318
876,0.0322,0.000322
877,0.0326,0.000326
878,0.033,0.00033
879,0.0334,0.000334
880,0.0338,0.000338
881,0.0342,0.000342
882,0.0346,0.000346
883,0.035,0.00035
884,0.0354,0.000354
885,0.0358,0.000358
886,0.0361,0.000361
887,0.0363,0.000363
888,0.0364,0.000364
889,0.0365,0.000365
890,0.0366,0.000366
891,0.0367,0.000367
892,0.0368,0.000368
893,0.0369,0.000369
894,0.037,0.00037
895,0.0371,0.000371
896,0.0372,0.000372
897,0.0373,0.000373
898,0.0374,0.000374
899,0.0375,0.000375
900,0.0376,0.000376
901,0.0378,0.000378
902,0.0379,0.000379
903,0.038,0.00038
904,0.0381,0.000381
905,0.0382,0.000382
906,0.0383,0.000383
907,0.0384,0.000384
908,0.0385,0.000385
909,0.0386,0.000386
910,0.0387,0.000387
911,0.0388,0.000388
912,0.0389,0.000389
913,0.0388,0.000388
914,0.0388,0.000388
915,0.0388,0.000388
916,0.0388,0.000388
917,0.0387,0.000387
918,0.0387,0.000387
919,0.0387,0.000387
920,0.0386,0.000386
921,0.0386,0.000386
922,0.0386,0.000386
923,0.0385,0.000385
924,0.0385,0.000385
925,0.0385,0.000385
926,0.0385,0.000385
927,0.0384,0.000384
928,0.0384,0.000384
929,0.0384,0.000384
930,0.0383,0.000383
931,0.0383,0.000383
932,0.0383,0.000383
933,0.0382,0.000382
934,0.0382,0.000382
935,0.0382,0.000382
936,0.0381,0.000381
937,0.0381,0.000381
938,0.0381,0.000381
939,0.038,0.00038
940,0.0378,0.000378
941,0.0376,0.000376
942,0.0373,0.000373
943,0.0371,0.000371
944,0.0368,0.000368
945,0.0365,0.000365
946,0.0363,0.000363
947,0.036,0.00036
948,0.0358,0.000358
949,0.0355,0.000355
950,0.0353,0.000353
951,0.0351,0.000351
952,0.0348,0.000348
953,0.0346,0.000346
954,0.0343,0.000343
955,0.0341,0.000341
956,0.0339,0.000339
957,0.0336,0.000336
958,0.0334,0.000334
959,0.0332,0.000332
960,0.033,0.00033
961,0.0327,0.000327
962,0.0325,0.000325
963,0.0323,0.000323
964,0.0321,0.000321
965,0.0319,0.000319
966,0.0316,0.000316
967,0.0314,0.000314
968,0.0312,0.000312
969,0.031,0.00031
970,0.0309,0.000309
971,0.0307,0.000307
972,0.0305,0.000305
973,0.0304,0.000304
974,0.0302,0.000302
975,0.0301,0.000301
976,0.0299,0.000299
977,0.0298,0.000298
978,0.0296,0.000296
979,0.0294,0.000294
980,0.0293,0.000293
981,0.0291,0.000291
982,0.029,0.00029
983,0.0288,0.000288
984,0.0287,0.000287
985,0.0285,0.000285
986,0.0284,0.000284
987,0.0283,0.000283
988,0.0281,0.000281
989,0.028,0.00028
990,0.0278,0.000278
991,0.0277,0.000277
992,0.0275,0.000275
993,0.0274,0.000274
994,0.0273,0.000273
995,0.0271,0.000271
996,0.027,0.00027
997,0.0269,0.000269
998,0.0267,0.000267
999,0.0266,0.000266
1000,0.0265,0.000265
1001,0.0264,0.000264
1002,0.0263,0.000263
1003,0.0262,0.000262
1004,0.0261,0.000261
1005,0.026,0.00026
1006,0.0259,0.000259
1007,0.0258,0.000258
1008,0.0258,0.000258
1009,0.0257,0.000257
1010,0.0256,0.000256
1011,0.0255,0.000255
1012,0.0254,0.000254
1013,0.0253,0.000253
1014,0.0252,0.000252
1015,0.0252,0.000252
1016,0.0251,0.000251
1017,0.025,0.00025
1018,0.0249,0.000249
1019,0.0248,0.000248
1020,0.0247,0.000247
1021,0.0247,0.000247
1022,0.0246,0.000246
1023,0.0245,0.000245
1024,0.0244,0.000244
1025,0.0243,0.000243
1026,0.0243,0.000243
1027,0.0242,0.000242
1028,0.0241,0.000241
1029,0.024,0.00024
1030,0.0239,0.000239
1031,0.0239,0.000239
1032,0.0238,0.000238
1033,0.0237,0.000237
1034,0.0236,0.000236
1035,0.0236,0.000236
1036,0.0235,0.000235
1037,0.0234,0.000234
1038,0.0234,0.000234
1039,0.0233,0.000233
1040,0.0232,0.000232
1041,0.0232,0.000232
1042,0.0231,0.000231
1043,0.023,0.00023
1044,0.023,0.00023
1045,0.0229,0.000229
1046,0.0228,0.000228
1047,0.0228,0.000228
1048,0.0227,0.000227
1049,0.0227,0.000227
1050,0.0226,0.000226
1051,0.0225,0.000225
1052,0.0225,0.000225
1053,0.0224,0.000224
1054,0.0223,0.000223
1055,0.0223,0.000223
1056,0.0222,0.000222
1057,0.0221,0.000221
1058,0.0221,0.000221
1059,0.022,0.00022
1060,0.022,0.00022
1061,0.0219,0.000219
1062,0.0218,0.000218
1063,0.0218,0.000218
1064,0.0217,0.000217
1065,0.0217,0.000217
1066,0.0216,0.000216
1067,0.0215,0.000215
1068,0.0215,0.000215
1069,0.0214,0.000214
1070,0.0214,0.000214
1071,0.0213,0.000213
1072,0.0212,0.000212
1073,0.0212,0.000212
1074,0.0211,0.000211
1075,0.0211,0.000211
1076,0.021,0.00021
1077,0.021,0.00021
1078,0.0209,0.000209
1079,0.0208,0.000208
1080,0.0208,0.000208
1081,0.0207,0.000207
1082,0.0207,0.000207
1083,0.0206,0.000206
1084,0.0206,0.000206
1085,0.0205,0.000205
1086,0.0204,0.000204
1087,0.0204,0.000204
1088,0.0203,0.000203
1089,0.0203,0.000203
1090,0.0202,0.000202
1091,0.0202,0.000202
1092,0.0201,0.000201
1093,0.0201,0.000201
1094,0.02,0.0002
1095,0.02,0.0002
1096,0.0199,0.000199
1097,0.0198,0.000198
1098,0.0198,0.000198
1099,0.0197,0.000197
1100,0.0197,0.000197